station_id,latitude,longitude,charger_power_kw,price_per_kwh,city,vendor,charger_type,no_of_chargers,available
S01,28.642213,77.314837,3.3,15.0,New Delhi,Massive Mobility,LEV AC,2,2
S02,28.689606,77.298775,3.3,15.0,New Delhi,Massive Mobility,LEV AC,1,1
S03,28.661666,77.061585,3.3,15.0,New Delhi,Massive Mobility,LEV AC,10,10
S04,28.550284,77.235053,3.3,15.0,New Delhi,Massive Mobility,LEV AC,1,1
S05,28.405363,77.30553,3.3,15.0,New Delhi,Massive Mobility,LEV AC,1,1
S06,28.396681,77.306328,3.3,15.0,Faridabad,Massive Mobility,LEV AC,1,1
S07,28.396111,77.305157,3.3,15.0,Faridabad,Massive Mobility,LEV AC,1,1
S08,28.687648,77.291979,3.3,15.0,Ghaziabad,Massive Mobility,LEV AC,5,5
S09,28.488302,77.012275,3.3,15.0,Gurugram,Massive Mobility,LEV AC,5,5
S10,28.493159,77.082614,3.3,15.0,Gurugram,Massive Mobility,LEV AC,1,1
S11,28.402878,77.047157,3.3,15.0,Gurugram,Massive Mobility,LEV AC,2,2
S12,28.414466,76.919544,3.3,15.0,Gurugram,Massive Mobility,LEV AC,2,2
S13,28.414216,76.917286,3.3,15.0,Gurugram,Massive Mobility,LEV AC,2,2
S14,28.489287,77.019696,3.3,15.0,Gurugram,Massive Mobility,LEV AC,1,1
S15,28.4753,77.043585,3.3,15.0,Gurugram,Massive Mobility,LEV AC,1,1
S16,28.449237,77.071594,3.3,15.0,Gurugram,Massive Mobility,LEV AC,1,1
S17,28.262233,77.083146,3.3,15.0,Gurugram,Massive Mobility,LEV AC,1,1
S18,28.395221,76.934257,3.3,15.0,Gurugram,Massive Mobility,LEV AC,1,1
S19,28.49,77.01953,3.3,15.0,Gurugram,Massive Mobility,LEV AC,1,1
S20,28.67254,77.27303,3.3,15.0,New Delhi,Massive Mobility,LEV AC,1,1
S21,28.609597,77.300671,3.3,15.0,New Delhi,Massive Mobility,LEV AC,1,1
S22,28.685962,77.32907,3.3,15.0,New Delhi,Massive Mobility,LEV AC,2,2
S23,28.688152,77.282319,3.3,15.0,New Delhi,Massive Mobility,LEV AC,5,5
S24,28.616411,77.328853,3.3,15.0,New Delhi,Massive Mobility,LEV AC,1,1
S25,28.719925,77.147019,3.3,15.0,New Delhi,Massive Mobility,LEV AC,1,1
S26,28.597866,77.310739,3.3,15.0,New Delhi,Massive Mobility,LEV AC,1,1
S27,28.690285,77.174823,3.3,15.0,New Delhi,Massive Mobility,LEV AC,1,1
S28,28.586625,77.255717,3.3,15.0,New Delhi,Massive Mobility,LEV AC,1,1
S29,28.689011,77.302756,3.3,15.0,New Delhi,Massive Mobility,LEV AC,1,1
S30,28.508337,77.337935,3.3,15.0,New Delhi,Massive Mobility,LEV AC,1,1
S31,28.687672,77.173287,3.3,15.0,New Delhi,Massive Mobility,LEV AC,1,1
S32,28.667452,77.075985,3.3,15.0,New Delhi,Massive Mobility,LEV AC,10,10
S33,28.667832,77.071777,3.3,15.0,New Delhi,Massive Mobility,LEV AC,1,1
S34,28.67084,77.068551,3.3,15.0,New Delhi,Massive Mobility,LEV AC,5,5
S35,28.688874,77.061662,3.3,15.0,New Delhi,Massive Mobility,LEV AC,5,5
S36,28.690235,77.174772,3.3,15.0,New Delhi,Massive Mobility,LEV AC,1,1
S37,28.586483,77.255344,3.3,15.0,New Delhi,Massive Mobility,LEV AC,1,1
S38,28.505096,77.319491,3.3,15.0,New Delhi,Massive Mobility,LEV AC,1,1
S39,28.537731,77.247888,3.3,15.0,New Delhi,Massive Mobility,LEV AC,1,1
S40,28.59239,77.304336,3.3,15.0,New Delhi,Massive Mobility,LEV AC,2,2
S41,28.670794,77.116681,3.3,15.0,New Delhi,Massive Mobility,LEV AC,10,10
S42,28.665507,77.070628,3.3,15.0,New Delhi,Massive Mobility,LEV AC,1,1
S43,28.708607,77.320805,3.3,15.0,New delhi,Massive Mobility,LEV AC,5,5
S44,28.509692,77.232363,3.3,15.0,New Delhi,Massive Mobility,LEV AC,1,1
S45,28.606645,77.108468,3.3,15.0,New Delhi,Massive Mobility,LEV AC,1,1
S46,28.695075,77.059357,3.3,15.0,New Delhi,Massive Mobility,LEV AC,2,2
S47,28.684605,77.141202,3.3,15.0,New Delhi,Massive Mobility,LEV AC,1,1
S48,28.668839,77.077278,3.3,15.0,New Delhi,Massive Mobility,LEV AC,1,1
S49,28.563851,77.049588,3.3,15.0,New Delhi,Massive Mobility,LEV AC,3,3
S50,28.690569,77.280285,3.3,15.0,New Delhi,Massive Mobility,LEV AC,1,1
S51,28.66782,77.281904,3.3,15.0,New Delhi,Massive Mobility,LEV AC,1,1
S52,28.744364,77.120604,3.3,15.0,New Delhi,Massive Mobility,LEV AC,1,1
S53,28.540548,77.212697,3.3,15.0,New Delhi,Massive Mobility,LEV AC,1,1
S54,28.703118,77.265863,3.3,15.0,New Delhi,Massive Mobility,LEV AC,1,1
S55,28.611203,77.32779,3.3,15.0,New Delhi,Massive Mobility,LEV AC,1,1
S56,28.502182,77.284986,3.3,15.0,New Delhi,Massive Mobility,LEV AC,1,1
S57,28.698945,77.303944,3.3,15.0,New Delhi,Massive Mobility,LEV AC,1,1
S58,28.550381,77.254484,3.3,15.0,New Delhi,Massive Mobility,LEV AC,1,1
S59,28.676254,77.292422,3.3,15.0,New Delhi,Massive Mobility,LEV AC,1,1
S60,28.697203,77.313596,3.3,15.0,New Delhi,Massive Mobility,LEV AC,1,1
S61,28.656915,77.275707,3.3,15.0,New Delhi,Massive Mobility,LEV AC,1,1
S62,28.658606,77.169682,3.3,15.0,New Delhi,Massive Mobility,LEV AC,1,1
S63,28.630737,77.223457,3.3,15.0,New Delhi,Massive Mobility,LEV AC,1,1
S64,28.678849,77.09149,3.3,15.0,New Delhi,Massive Mobility,LEV AC,1,1
S65,28.583404,77.311411,3.3,15.0,Noida,Massive Mobility,LEV AC,1,1
S66,28.580643,77.356702,3.3,15.0,Noida,Massive Mobility,LEV AC,1,1
S67,28.58717,77.329766,3.3,15.0,Noida,Massive Mobility,LEV AC,1,1
S68,28.552767,77.353518,3.3,15.0,Noida,Massive Mobility,LEV AC,1,1
S69,28.579644,77.340719,3.3,15.0,Noida,Massive Mobility,LEV AC,1,1
S70,28.588416,77.362922,3.3,15.0,Noida,Massive Mobility,LEV AC,1,1
S71,28.623147,77.377649,3.3,15.0,Noida,Massive Mobility,LEV AC,1,1
BOLT_000476,28.6944923400878,77.118911743164,3.3,20.0,Delhi,Revos,BOLT 16A LITE 240V 5A/15A Socket,1,1
BOLT_001195,28.7175693511962,77.1259841918945,3.3,2.0,Delhi,Revos,BOLT 16A LITE 240V 5A/15A Socket,1,1
BOLT_001838,28.6286659240722,77.3186950683593,3.3,5.0,New Delhi,Revos,BOLT 16A LITE 240V 5A/15A Socket,1,1
BOLT_001834,28.6287193298339,77.3186645507812,3.3,5.0,New Delhi,Revos,BOLT 16A LITE 240V 5A/15A Socket,1,1
BOLT_001833,28.6286602020263,77.3188171386718,3.3,5.0,New Delhi,Revos,BOLT 16A LITE 240V 5A/15A Socket,1,1
BOLT_001839,28.6287059783935,77.3187637329101,3.3,5.0,New Delhi,Revos,BOLT 16A LITE 240V 5A/15A Socket,1,1
BOLT_001837,28.6287193298339,77.3187179565429,3.3,5.0,New Delhi,Revos,BOLT 16A LITE 240V 5A/15A Socket,1,1
BOLT_001836,28.6287051491766,77.3187561705708,3.3,40.0,New Delhi,Revos,BOLT 16A LITE 240V 5A/15A Socket,1,1
BOLT_001832,28.6287063263217,77.3187139257788,3.3,40.0,New Delhi,Revos,BOLT 16A LITE 240V 5A/15A Socket,1,1
BOLT_001840,28.6286642433747,77.3187387362122,3.3,10.0,New Delhi,Revos,BOLT 16A LITE 240V 5A/15A Socket,1,1
BOLT_001841,28.6287083863256,77.3186981678009,3.3,10.0,New Delhi,Revos,BOLT 16A LITE 240V 5A/15A Socket,1,1
BOLT_001751,28.5289989990052,77.2924758866429,3.3,10.0,New Delhi,Revos,BOLT 16A LITE 240V 5A/15A Socket,1,1
BOLT_001750,28.52918958264,77.2925586998462,3.3,10.0,New Delhi,Revos,BOLT 16A LITE 240V 5A/15A Socket,1,1
BOLT_001747,28.5290260990176,77.2925496473908,3.3,10.0,New Delhi,Revos,BOLT 16A LITE 240V 5A/15A Socket,1,1
BOLT_001744,28.6806158794797,77.1554455161094,3.3,10.0,Delhi,Revos,BOLT 16A LITE 240V 5A/15A Socket,1,1
BOLT_001675,28.5268056422924,77.2745211794972,3.3,10.0,New Delhi,Revos,BOLT 16A LITE 240V 5A/15A Socket,1,1
BOLT_001680,28.5239084915866,77.2761030122637,3.3,10.0,New Delhi,Revos,BOLT 16A LITE 240V 5A/15A Socket,1,1
BOLT_001678,28.68121092427,77.0757252350449,3.3,10.0,Delhi,Revos,BOLT 16A LITE 240V 5A/15A Socket,1,1
BOLT_001674,28.6812547509647,77.0758177712559,3.3,10.0,Delhi,Revos,BOLT 16A LITE 240V 5A/15A Socket,1,1
BOLT_001698,28.5413891637029,77.275659777224,3.3,10.0,New Delhi,Revos,BOLT 16A LITE 240V 5A/15A Socket,1,1
BOLT_001699,28.5413143528646,77.2757818177342,3.3,10.0,New Delhi,Revos,BOLT 16A LITE 240V 5A/15A Socket,1,1
BOLT_001692,28.6087591786963,77.0494258403778,3.3,10.0,Delhi,Revos,BOLT 16A LITE 240V 5A/15A Socket,1,1
BOLT_001694,28.6086546871661,77.0494154468178,3.3,10.0,Delhi,Revos,BOLT 16A LITE 240V 5A/15A Socket,1,1
BOLT_001693,28.6087085518271,77.0494908839464,3.3,10.0,New Delhi,Revos,BOLT 16A LITE 240V 5A/15A Socket,1,1
BOLT_001723,28.6086865,77.0494577,3.3,5.0,Delhi,Revos,BOLT 16A LITE 240V 5A/15A Socket,1,1
BOLT_001722,28.6807207,77.1553153,3.3,5.0,Delhi,Revos,BOLT 16A LITE 240V 5A/15A Socket,1,1
BOLT_001439,28.5508079528808,77.2690963745117,3.3,40.0,New Delhi,Revos,BOLT 16A LITE 240V 5A/15A Socket,1,1
BOLT_001486,28.5689395049125,77.187098215445,3.3,40.0,New Delhi,Revos,BOLT 16A LITE 240V 5A/15A Socket,1,1
BOLT_001322,28.5624359954026,77.28738874197,3.3,40.0,New Delhi,Revos,BOLT 16A LITE 240V 5A/15A Socket,1,1
BOLT_001298,28.5609188079834,77.2856140136718,3.3,40.0,New Delhi,Revos,BOLT 16A LITE 240V 5A/15A Socket,1,1
BOLT_001309,28.5624309893803,77.2873062640428,3.3,40.0,New Delhi,Revos,BOLT 16A LITE 240V 5A/15A Socket,1,1
BOLT_001317,28.5605373382568,77.2844772338867,3.3,40.0,New Delhi,Revos,BOLT 16A LITE 240V 5A/15A Socket,1,1
BOLT_001314,28.5624197994473,77.2873086109757,3.3,40.0,New Delhi,Revos,BOLT 16A LITE 240V 5A/15A Socket,1,1
BOLT_001315,28.5624197994473,77.2873086109757,3.3,40.0,New Delhi,Revos,BOLT 16A LITE 240V 5A/15A Socket,1,1
BOLT_001310,28.5623950638018,77.2873904183507,3.3,40.0,New Delhi,Revos,BOLT 16A LITE 240V 5A/15A Socket,1,1
BOLT_001320,28.5624754546285,77.287280447781,3.3,40.0,New Delhi,Revos,BOLT 16A LITE 240V 5A/15A Socket,1,1
BOLT_001321,28.5625381469726,77.2873916625976,3.3,40.0,New Delhi,Revos,BOLT 16A LITE 240V 5A/15A Socket,1,1
BOLT_001287,28.5624771118164,77.2873382568359,3.3,40.0,New Delhi,Revos,BOLT 16A LITE 240V 5A/15A Socket,1,1
BOLT_001295,28.5624569029047,77.2873696312308,3.3,40.0,New Delhi,Revos,BOLT 16A LITE 240V 5A/15A Socket,1,1
BOLT_001296,28.5623912811279,77.2873458862304,3.3,40.0,New Delhi,Revos,BOLT 16A LITE 240V 5A/15A Socket,1,1
BOLT_001171,28.5623785733682,77.2872616723179,3.3,40.0,New Delhi,Revos,BOLT 16A LITE 240V 5A/15A Socket,1,1
BOLT_001316,28.5623989105224,77.2873611450195,3.3,40.0,New Delhi,Revos,BOLT 16A LITE 240V 5A/15A Socket,1,1
BOLT_001328,28.5624224496947,77.2873310744762,3.3,40.0,New Delhi,Revos,BOLT 16A LITE 240V 5A/15A Socket,1,1
BOLT_001308,28.5624732971191,77.2873458862304,3.3,40.0,New Delhi,Revos,BOLT 16A LITE 240V 5A/15A Socket,1,1
BOLT_001170,28.5624275207519,77.2873229980468,3.3,40.0,New Delhi,Revos,BOLT 16A LITE 240V 5A/15A Socket,1,1
BOLT_001325,28.5624485015869,77.2873077392578,3.3,40.0,New Delhi,Revos,BOLT 16A LITE 240V 5A/15A Socket,1,1
BOLT_001318,28.5624561309814,77.2873764038086,3.3,40.0,New Delhi,Revos,BOLT 16A LITE 240V 5A/15A Socket,1,1
BOLT_001326,28.56245803833,77.287353515625,3.3,40.0,New Delhi,Revos,BOLT 16A LITE 240V 5A/15A Socket,1,1
BOLT_001172,28.5624752044677,77.2873840332031,3.3,40.0,New Delhi,Revos,BOLT 16A LITE 240V 5A/15A Socket,1,1
BOLT_001327,28.5624732971191,77.2873458862304,3.3,40.0,New Delhi,Revos,BOLT 16A LITE 240V 5A/15A Socket,1,1
BOLT_001324,28.5624446868896,77.2873611450195,3.3,40.0,New Delhi,Revos,BOLT 16A LITE 240V 5A/15A Socket,1,1
BOLT_001297,28.5624313354492,77.2874145507812,3.3,40.0,New Delhi,Revos,BOLT 16A LITE 240V 5A/15A Socket,1,1
BOLT_001173,28.5624463019182,77.287256643176,3.3,40.0,New Delhi,Revos,BOLT 16A LITE 240V 5A/15A Socket,1,1
BOLT_002885,28.6808738708496,77.0882415771484,3.3,40.0,New Delhi,Revos,BOLT 16A LITE 240V 5A/15A Socket,1,1
BOLT_004246,28.521745665865,77.2929137572646,3.3,40.0,New Delhi,Revos,BOLT 16A LITE 240V 5A/15A Socket,1,1
BOLT_004758,28.6327991801547,77.2807522863149,3.3,15.0,Delhi,Revos,BOLT 16A LITE 240V 5A/15A Socket,1,1
BOLT_004184,28.7495053449427,77.1460011228918,3.3,40.0,Delhi,Revos,BOLT 16A LITE 240V 5A/15A Socket,1,1
BOLT_002560,28.5289341149285,77.292667267478,3.3,5.0,New Delhi,Revos,BOLT 16A LITE 240V 5A/15A Socket,1,1
BOLT_002559,28.5413247,77.2755771,3.3,5.0,New Delhi,Revos,BOLT 16A LITE 240V 5A/15A Socket,1,1
BOLT_002552,28.5413247,77.2755771,3.3,5.0,New Delhi,Revos,BOLT 16A LITE 240V 5A/15A Socket,1,1
BOLT_002558,28.5413247,77.2755771,3.3,5.0,New Delhi,Revos,BOLT 16A LITE 240V 5A/15A Socket,1,1
BOLT_002554,28.5413247,77.2755771,3.3,5.0,New Delhi,Revos,BOLT 16A LITE 240V 5A/15A Socket,1,1
BOLT_004606,28.6544140864978,77.2735257446765,3.3,12.0,New Delhi,Revos,BOLT 16A LITE 240V 5A/15A Socket,1,1
BOLT_003225,28.6755735995546,77.2908591851592,3.3,40.0,New Delhi,Revos,BOLT 16A LITE 240V 5A/15A Socket,1,1
BOLT_002882,28.6754582908164,77.2910425812005,3.3,40.0,Delhi,Revos,BOLT 16A LITE 240V 5A/15A Socket,1,1
BOLT_003481,28.498025894165,77.1593017578125,3.3,40.0,New Delhi,Revos,BOLT 16A LITE 240V 5A/15A Socket,1,1
BOLT_001806,28.6807207,77.1553153,3.3,5.0,Delhi,Revos,BOLT 16A LITE 240V 5A/15A Socket,1,1
BOLT_001848,28.5289341149285,77.292667267478,3.3,5.0,New Delhi,Revos,BOLT 16A LITE 240V 5A/15A Socket,1,1
BOLT_001728,28.6086865,77.0494577,3.3,5.0,Delhi,Revos,BOLT 16A LITE 240V 5A/15A Socket,1,1
BOLT_004072,28.6086865,77.0494577,3.3,5.0,Delhi,Revos,BOLT 16A LITE 240V 5A/15A Socket,1,1
BOLT_004261,28.6086865,77.0494577,3.3,5.0,Delhi,Revos,BOLT 16A LITE 240V 5A/15A Socket,1,1
BOLT_004581,28.6086865,77.0494577,3.3,5.0,Delhi,Revos,BOLT 16A LITE 240V 5A/15A Socket,1,1
BOLT_003439,28.6086865,77.0494577,3.3,5.0,Delhi,Revos,BOLT 16A LITE 240V 5A/15A Socket,1,1
BOLT_003522,28.6086865,77.0494577,3.3,5.0,Delhi,Revos,BOLT 16A LITE 240V 5A/15A Socket,1,1
BOLT_002881,28.5195406691519,77.2008177638053,3.3,40.0,New Delhi,Revos,BOLT 16A LITE 240V 5A/15A Socket,1,1
BOLT_003266,28.5289341149285,77.292667267478,3.3,5.0,New Delhi,Revos,BOLT 16A LITE 240V 5A/15A Socket,1,1
BOLT_002842,28.6807207,77.1553153,3.3,5.0,Delhi,Revos,BOLT 16A LITE 240V 5A/15A Socket,1,1
BOLT_003671,28.6698506619531,77.2018376737833,3.3,40.0,Delhi,Revos,BOLT 16A LITE 240V 5A/15A Socket,1,1
BOLT_004437,28.7196903228759,77.161018371582,3.3,20.0,Delhi,Revos,BOLT 16A LITE 240V 5A/15A Socket,1,1
BOLT_004577,28.7043342590332,77.0538101196289,3.3,10.0,Delhi,Revos,BOLT 16A LITE 240V 5A/15A Socket,1,1
BOLT_003754,28.6386623382568,77.2850723266601,3.3,15.0,Delhi,Revos,BOLT 16A LITE 240V 5A/15A Socket,1,1
BOLT_004781,28.7209403796492,77.0801807194948,3.3,30.0,Delhi,Revos,BOLT 16A LITE 240V 5A/15A Socket,1,1
BOLT_003817,28.6761207260215,77.2954695671796,3.3,30.0,New Delhi,Revos,BOLT 16A LITE 240V 5A/15A Socket,1,1
BOLT_004099,28.7218468618982,77.0788211748004,3.3,30.0,Delhi,Revos,BOLT 16A LITE 240V 5A/15A Socket,1,1
BOLT_004485,28.7605628967285,77.1264114379882,3.3,15.0,Delhi,Revos,BOLT 16A LITE 240V 5A/15A Socket,1,1
BOLT_002867,28.4922370910644,77.1804656982421,3.3,40.0,New Delhi,Revos,BOLT 16A LITE 240V 5A/15A Socket,1,1
BOLT_003581,28.6199968567493,77.0406369119882,3.3,25.0,Delhi,Revos,BOLT 16A LITE 240V 5A/15A Socket,1,1
BOLT_003669,28.6202114090299,77.0406868681311,3.3,25.0,Delhi,Revos,BOLT 16A LITE 240V 5A/15A Socket,1,1
BOLT_003399,28.6753179787367,77.201842367649,3.3,20.0,Delhi,Revos,BOLT 16A LITE 240V 5A/15A Socket,1,1
BOLT_004006,28.6725822968653,77.2017639130353,3.3,20.0,New Delhi,Revos,BOLT 16A LITE 240V 5A/15A Socket,1,1
BOLT_004010,28.6733918308134,77.2018467262387,3.3,20.0,Delhi,Revos,BOLT 16A LITE 240V 5A/15A Socket,1,1
BOLT_004450,28.50129,77.32115,3.3,25.0,New Delhi,Revos,BOLT 16A LITE 240V 5A/15A Socket,1,1
BOLT_003352,28.5733477,77.2372255,3.3,5.0,New Delhi,Revos,BOLT 16A LITE 240V 5A/15A Socket,1,1
BOLT_003583,28.6844764040059,77.2797001898288,3.3,30.0,New Delhi,Revos,BOLT 16A LITE 240V 5A/15A Socket,1,1
BOLT_003584,28.6844690507611,77.2795865312218,3.3,30.0,New Delhi,Revos,BOLT 16A LITE 240V 5A/15A Socket,1,1
BOLT_005616,28.6804535137299,77.2715053707361,3.3,30.0,Delhi,Revos,BOLT 16A LITE 240V 5A/15A Socket,1,1
BOLT_004164,28.7041691877432,77.3009637370705,3.3,40.0,New Delhi,Revos,BOLT 16A LITE 240V 5A/15A Socket,1,1
BOLT_004496,28.5733477,77.2372255,3.3,5.0,New Delhi,Revos,BOLT 16A LITE 240V 5A/15A Socket,1,1
BOLT_004751,28.5733477,77.2372255,3.3,5.0,New Delhi,Revos,BOLT 16A LITE 240V 5A/15A Socket,1,1
BOLT_002930,28.5733477,77.2372255,3.3,5.0,New Delhi,Revos,BOLT 16A LITE 240V 5A/15A Socket,1,1
BOLT_003097,28.5733477,77.2372255,3.3,5.0,New Delhi,Revos,BOLT 16A LITE 240V 5A/15A Socket,1,1
BOLT_004244,28.5733477,77.2372255,3.3,5.0,New Delhi,Revos,BOLT 16A LITE 240V 5A/15A Socket,1,1
BOLT_003484,28.7434107651609,77.1355824172496,3.3,20.0,New Delhi,Revos,BOLT 16A LITE 240V 5A/15A Socket,1,1
BOLT_005071,28.7384079644107,77.0419029146432,3.3,40.0,Delhi,Revos,BOLT 16A LITE 240V 5A/15A Socket,1,1
BOLT_003855,28.6144189322315,77.3262247815728,3.3,50.0,New Delhi,Revos,BOLT 16A LITE 240V 5A/15A Socket,1,1
BOLT_00006072,28.6354389190673,77.0161590576171,3.3,25.0,Delhi,Revos,BOLT 16A LITE 240V 5A/15A Socket,1,1
BOLT_003926,28.6846755296781,77.2753104194998,3.3,40.0,Delhi,Revos,BOLT 16A LITE 240V 5A/15A Socket,1,1
BOLT_004777,28.6846667058011,77.2752960026264,3.3,40.0,Delhi,Revos,BOLT 16A LITE 240V 5A/15A Socket,1,1
BOLT_004438,28.6846825887792,77.2753006964922,3.3,40.0,Delhi,Revos,BOLT 16A LITE 240V 5A/15A Socket,1,1
BOLT_00009635,28.5304908752441,77.2098388671875,3.3,10.0,New Delhi,Revos,BOLT 16A LITE 240V 5A/15A Socket,1,1
BOLT_003668,28.6862235203286,77.2771621495485,3.3,40.0,Delhi,Revos,BOLT 16A LITE 240V 5A/15A Socket,1,1
BOLT_004522,28.6860014558137,77.2770478203892,3.3,40.0,New Delhi,Revos,BOLT 16A LITE 240V 5A/15A Socket,1,1
BOLT_003667,28.686028515356,77.2769827768206,3.3,40.0,New Delhi,Revos,BOLT 16A LITE 240V 5A/15A Socket,1,1
BOLT_005093,28.6033728728444,76.9891988486051,3.3,30.0,New Delhi,Revos,BOLT 16A LITE 240V 5A/15A Socket,1,1
BOLT_005179,28.6133689880371,76.9650268554687,3.3,20.0,Delhi,Revos,BOLT 16A LITE 240V 5A/15A Socket,1,1
BOLT_00006091,28.6270999908447,77.0381393432617,3.3,20.0,Delhi,Revos,BOLT 16A LITE 240V 5A/15A Socket,1,1
BOLT_005099,28.6173338997748,77.0560777187347,3.3,40.0,New Delhi,Revos,BOLT 16A LITE 240V 5A/15A Socket,1,1
BOLT_004360,28.6441955566406,77.279312133789,3.3,20.0,New Delhi,Revos,BOLT 16A LITE 240V 5A/15A Socket,1,1
BOLT_003504,28.6730044201805,77.0794320479035,3.3,40.0,Delhi,Revos,BOLT 16A LITE 240V 5A/15A Socket,1,1
BOLT_00008545,28.5621261596679,77.2595901489257,3.3,100.0,New Delhi,Revos,BOLT 16A LITE 240V 5A/15A Socket,1,1
BOLT_00006859,28.7175426483154,77.3154525756836,3.3,5.0,Delhi,Revos,BOLT 16A LITE 240V 5A/15A Socket,1,1
BOLT_005443,28.6662649521058,77.2936218604445,3.3,30.0,Delhi,Revos,BOLT 16A LITE 240V 5A/15A Socket,1,1
BOLT_004949,28.6662620102966,77.2936634346842,3.3,40.0,Delhi,Revos,BOLT 16A LITE 240V 5A/15A Socket,1,1
BOLT_00008506,28.6564197540283,77.1389083862304,3.3,20.0,New Delhi,Revos,BOLT 16A LITE 240V 5A/15A Socket,1,1
BOLT_004950,28.7013251550705,77.322078756988,3.3,40.0,Delhi,Revos,BOLT 16A LITE 240V 5A/15A Socket,1,1
BOLT_004607,28.7013580922991,77.3222148790955,3.3,40.0,Delhi,Revos,BOLT 16A LITE 240V 5A/15A Socket,1,1
BOLT_004864,28.701225755157,77.3219020664691,3.3,40.0,Delhi,Revos,BOLT 16A LITE 240V 5A/15A Socket,1,1
BOLT_00006323,28.5077877044677,77.2318725585937,3.3,40.0,New Delhi,Revos,BOLT 16A LITE 240V 5A/15A Socket,1,1
BOLT_00010567,28.6054191589355,77.0959320068359,3.3,12.0,New Delhi,Revos,BOLT 16A LITE 240V 5A/15A Socket,1,1
BOLT_00010662,28.7814617156982,77.1375503540039,3.3,50.0,Delhi,Revos,BOLT 16A LITE 240V 5A/15A Socket,1,1
BOLT_004692,28.6757678985595,77.1991348266601,3.3,50.0,Delhi,Revos,BOLT 16A LITE 240V 5A/15A Socket,1,1
BOLT_003230,28.7506011733978,77.1773454174399,3.3,70.0,Delhi,Revos,BOLT 16A LITE 240V 5A/15A Socket,1,1
BOLT_00009430,28.6242198944091,77.0312881469726,3.3,25.0,Delhi,Revos,BOLT 16A LITE 240V 5A/15A Socket,1,1
BOLT_004694,28.6192869769428,77.0293173193931,3.3,50.0,Delhi,Revos,BOLT 16A LITE 240V 5A/15A Socket,1,1
BOLT_00008819,28.5373306274414,77.2036514282226,3.3,100.0,New Delhi,Revos,BOLT 16A LITE 240V 5A/15A Socket,1,1
BOLT_00009517,28.5029182434082,77.3020324707031,3.3,10.0,New Delhi,Revos,BOLT 16A LITE 240V 5A/15A Socket,1,1
BOLT_00008330,28.644229888916,77.1065216064453,3.3,25.0,New Delhi,Revos,BOLT 16A LITE 240V 5A/15A Socket,1,1
BOLT_00008688,28.64670753479,77.2871551513671,3.3,10.0,Delhi,Revos,BOLT 16A LITE 240V 5A/15A Socket,1,1
BOLT_00010244,28.6668491363525,77.1951675415039,3.3,40.0,New Delhi,Revos,BOLT 16A LITE 240V 5A/15A Socket,1,1
BOLT_004269,28.7083134969141,77.276582121849,3.3,50.0,Delhi,Revos,BOLT 16A LITE 240V 5A/15A Socket,1,1
BOLT_004267,28.7083046750296,77.2765737399458,3.3,50.0,Delhi,Revos,BOLT 16A LITE 240V 5A/15A Socket,1,1
BOLT_003837,28.7083293763043,77.2765734046697,3.3,50.0,Delhi,Revos,BOLT 16A LITE 240V 5A/15A Socket,1,1
BOLT_004946,28.6766825572154,77.2798312827944,3.3,50.0,Delhi,Revos,BOLT 16A LITE 240V 5A/15A Socket,1,1
BOLT_003675,28.5148011694468,77.1643511205911,3.3,30.0,New Delhi,Revos,BOLT 16A LITE 240V 5A/15A Socket,1,1
BOLT_00007448,28.5700325070613,76.9599128141999,3.3,40.0,Delhi,Revos,BOLT 16A LITE 240V 5A/15A Socket,1,1
BOLT_00010178,28.6069831848144,77.0743560791015,3.3,40.0,New Delhi,Revos,BOLT 16A LITE 240V 5A/15A Socket,1,1
BOLT_00010516,28.6276651362855,77.1476124599576,3.3,25.0,New Delhi,Revos,BOLT 16A LITE 240V 5A/15A Socket,1,1
BOLT_00007091,28.6420269012451,77.0365982055664,3.3,10.0,Delhi,Revos,BOLT 16A LITE 240V 5A/15A Socket,1,1
BOLT_004353,28.6673625353583,77.2991539165377,3.3,40.0,Delhi,Revos,BOLT 16A LITE 240V 5A/15A Socket,1,1
BOLT_004436,28.6673598877577,77.2991374880075,3.3,40.0,Delhi,Revos,BOLT 16A LITE 240V 5A/15A Socket,1,1
BOLT_003247,28.7026952762101,77.2964049875736,3.3,40.0,New Delhi,Revos,BOLT 16A LITE 240V 5A/15A Socket,1,1
BOLT_003673,28.6673334117485,77.299181073904,3.3,40.0,Delhi,Revos,BOLT 16A LITE 240V 5A/15A Socket,1,1
BOLT_001455,28.5413246154785,77.2755737304687,3.3,5.0,New Delhi,Revos,BOLT 16A LITE 240V 5A/15A Socket,1,1
BOLT_005374,28.6673851870492,77.2991861030459,3.3,40.0,Delhi,Revos,BOLT 16A LITE 240V 5A/15A Socket,1,1
BOLT_004352,28.6673804802047,77.299159951508,3.3,40.0,Delhi,Revos,BOLT 16A LITE 240V 5A/15A Socket,1,1
BOLT_00007413,28.5215771627335,77.2574103623628,3.3,40.0,New Delhi,Revos,BOLT 16A LITE 240V 5A/15A Socket,1,1
BOLT_00007243,28.6482554144951,77.0963651686906,3.3,1.0,Delhi,Revos,BOLT 16A LITE 240V 5A/15A Socket,1,1
BOLT_004100,28.5384134774595,77.2666841000318,3.3,45.0,New Delhi,Revos,BOLT 16A LITE 240V 5A/15A Socket,1,1
BOLT_004098,28.5383416099008,77.2666670009494,3.3,45.0,New Delhi,Revos,BOLT 16A LITE 240V 5A/15A Socket,1,1
BOLT_00010731,28.5258096912802,77.2603208944201,3.3,200.0,New Delhi,Revos,BOLT 16A LITE 240V 5A/15A Socket,1,1
BOLT_004779,28.521915435791,77.2112197875976,3.3,40.0,New Delhi,Revos,BOLT 16A LITE 240V 5A/15A Socket,1,1
BOLT_00007557,28.6506242451985,77.2854692861437,3.3,40.0,Delhi,Revos,BOLT 16A LITE 240V 5A/15A Socket,1,1
BOLT_00010158,28.7283687591552,77.056037902832,3.3,50.0,Delhi,Revos,BOLT 16A LITE 240V 5A/15A Socket,1,1
BOLT_00007788,28.6643371582031,77.2920379638671,3.3,40.0,Delhi,Revos,BOLT 16A LITE 240V 5A/15A Socket,1,1
BOLT_00008082,28.6438462634438,77.2781297564506,3.3,30.0,New Delhi,Revos,BOLT 16A LITE 240V 5A/15A Socket,1,1
BOLT_00009352,28.5308700617521,77.2179872542619,3.3,40.0,New Delhi,Revos,BOLT 16A LITE 240V 5A/15A Socket,1,1
BOLT_00007772,28.6447696685791,77.0369796752929,3.3,40.0,New Delhi,Revos,BOLT 16A LITE 240V 5A/15A Socket,1,1
BOLT_00007608,28.691244699769,77.0605637133121,3.3,40.0,New Delhi,Revos,BOLT 16A LITE 240V 5A/15A Socket,1,1
BOLT_00007245,28.6695035397743,77.298567853868,3.3,2.0,New Delhi,Revos,BOLT 16A LITE 240V 5A/15A Socket,1,1
BOLT_003863,28.6434688568115,77.0810928344726,3.3,40.0,Delhi,Revos,BOLT 16A LITE 240V 5A/15A Socket,1,1
BOLT_00010007,28.4994069317748,77.3006871342659,3.3,40.0,New Delhi,Revos,BOLT 16A LITE 240V 5A/15A Socket,1,1
BOLT_004780,28.6535377502441,77.2797012329101,3.3,50.0,Delhi,Revos,BOLT 16A LITE 240V 5A/15A Socket,1,1
BOLT_003925,28.5804271697998,77.0772247314453,3.3,40.0,Delhi,Revos,BOLT 16A LITE 240V 5A/15A Socket,1,1
BOLT_005937,28.715087890625,77.2896575927734,3.3,30.0,Delhi,Revos,BOLT 16A LITE 240V 5A/15A Socket,1,1
BOLT_004351,28.7151145935058,77.289680480957,3.3,30.0,Delhi,Revos,BOLT 16A LITE 240V 5A/15A Socket,1,1
BOLT_003249,28.7160708800892,77.2897755727171,3.3,40.0,Delhi,Revos,BOLT 16A LITE 240V 5A/15A Socket,1,1
BOLT_005942,28.7151069641113,77.2896652221679,3.3,30.0,Delhi,Revos,BOLT 16A LITE 240V 5A/15A Socket,1,1
BOLT_004865,28.5831214957187,77.0757326111197,3.3,40.0,New Delhi,Revos,BOLT 16A LITE 240V 5A/15A Socket,1,1
BOLT_004521,28.6799708271068,77.2982919216156,3.3,50.0,New Delhi,Revos,BOLT 16A LITE 240V 5A/15A Socket,1,1
BOLT_003751,28.6800752476191,77.2980062663555,3.3,50.0,New Delhi,Revos,BOLT 16A LITE 240V 5A/15A Socket,1,1
BOLT_00008070,28.5757656097412,77.2445526123046,3.3,40.0,New Delhi,Revos,BOLT 16A LITE 240V 5A/15A Socket,1,1
BOLT_004439,28.680389390955,77.3269359022378,3.3,40.0,Delhi,Revos,BOLT 16A LITE 240V 5A/15A Socket,1,1
BOLT_005947,28.5855135822441,77.0750640705227,3.3,50.0,New Delhi,Revos,BOLT 16A LITE 240V 5A/15A Socket,1,1
BOLT_005949,28.6879570779821,77.3205901309848,3.3,40.0,New Delhi,Revos,BOLT 16A LITE 240V 5A/15A Socket,1,1
BOLT_003842,28.583754483909,77.0755130052566,3.3,50.0,New Delhi,Revos,BOLT 16A LITE 240V 5A/15A Socket,1,1
BOLT_003844,28.5802565140812,77.0878069102764,3.3,50.0,New Delhi,Revos,BOLT 16A LITE 240V 5A/15A Socket,1,1
BOLT_00011521,28.7001800537109,77.0547790527343,3.3,30.0,New Delhi,Revos,BOLT 16A LITE 240V 5A/15A Socket,1,1
BOLT_00006152,28.715103149414,77.108039855957,3.3,40.0,New Delhi,Revos,BOLT 16A LITE 240V 5A/15A Socket,1,1
BOLT_005983,28.7131624801598,77.2898681089282,3.3,40.0,Delhi,Revos,BOLT 16A LITE 240V 5A/15A Socket,1,1
BOLT_005951,28.5882618384794,77.0828622579574,3.3,50.0,Delhi,Revos,BOLT 16A LITE 240V 5A/15A Socket,1,1
BOLT_003248,28.5867300661736,77.0774173736572,3.3,50.0,New Delhi,Revos,BOLT 16A LITE 240V 5A/15A Socket,1,1
BOLT_005973,28.7268733978271,77.2829818725586,3.3,30.0,Delhi,Revos,BOLT 16A LITE 240V 5A/15A Socket,1,1
BOLT_005967,28.7264766693115,77.2830429077148,3.3,30.0,New Delhi,Revos,BOLT 16A LITE 240V 5A/15A Socket,1,1
BOLT_00011627,28.6056102587308,76.9679487124085,3.3,20.0,New Delhi,Revos,BOLT 16A LITE 240V 5A/15A Socket,1,1
BOLT_00011514,28.659324645996,77.1118774414062,3.3,30.0,New Delhi,Revos,BOLT 16A LITE 240V 5A/15A Socket,1,1
BOLT_00007158,28.5342963298393,77.2193025425076,3.3,30.0,New Delhi,Revos,BOLT 16A LITE 240V 5A/15A Socket,1,1
BOLT_00011959,28.56640098472,77.2826137393713,3.3,50.0,New Delhi,Revos,BOLT 16A LITE 240V 5A/15A Socket,1,1
BOLT_00008781,28.4989604949951,77.3273849487304,3.3,13.0,New Delhi,Revos,BOLT 16A LITE 240V 5A/15A Socket,1,1
BOLT_005946,28.5851599984816,77.0772390067577,3.3,50.0,New Delhi,Revos,BOLT 16A LITE 240V 5A/15A Socket,1,1
BOLT_005925,28.5851947386541,77.0771810039877,3.3,50.0,New Delhi,Revos,BOLT 16A LITE 240V 5A/15A Socket,1,1
BOLT_005968,28.7181973629522,77.2798420116305,3.3,40.0,New Delhi,Revos,BOLT 16A LITE 240V 5A/15A Socket,1,1
BOLT_005985,28.7182032436524,77.2797531634569,3.3,40.0,New Delhi,Revos,BOLT 16A LITE 240V 5A/15A Socket,1,1
BOLT_00010658,28.6361158990998,77.2768037393689,3.3,40.0,New Delhi,Revos,BOLT 16A LITE 240V 5A/15A Socket,1,1
BOLT_00011902,28.587850561426,77.0864604413509,3.3,350.0,New Delhi,Revos,BOLT 16A LITE 240V 5A/15A Socket,1,1
BOLT_005972,28.6054389463005,77.3338291794061,3.3,40.0,New Delhi,Revos,BOLT 16A LITE 240V 5A/15A Socket,1,1
BOLT_00011136,28.5766203393013,77.0478782057762,3.3,40.0,New Delhi,Revos,BOLT 16A LITE 240V 5A/15A Socket,1,1
BOLT_005996,28.6054613170117,77.3338969051837,3.3,40.0,New Delhi,Revos,BOLT 16A LITE 240V 5A/15A Socket,1,1
BOLT_005869,28.5830258111259,77.0879225805401,3.3,50.0,New Delhi,Revos,BOLT 16A LITE 240V 5A/15A Socket,1,1
BOLT_002553,28.5413247,77.2755771,3.3,5.0,New Delhi,Revos,BOLT 16A LITE 240V 5A/15A Socket,1,1
BOLT_005872,28.6690940856933,77.0565643310546,3.3,40.0,Delhi,Revos,BOLT 16A LITE 240V 5A/15A Socket,1,1
BOLT_005873,28.6763342810607,77.2795114293694,3.3,40.0,Delhi,Revos,BOLT 16A LITE 240V 5A/15A Socket,1,1
BOLT_00008607,28.4995377554296,77.2478868439793,3.3,30.0,New Delhi,Revos,BOLT 16A LITE 240V 5A/15A Socket,1,1
BOLT_00012073,28.5501248781672,77.2885149344801,3.3,40.0,New Delhi,Revos,BOLT 16A LITE 240V 5A/15A Socket,1,1
BOLT_00012539,28.5385704666691,77.2189079225063,3.3,40.0,New Delhi,Revos,BOLT 16A LITE 240V 5A/15A Socket,1,1
BOLT_005989,28.7201759058641,77.2896176576614,3.3,45.0,Delhi,Revos,BOLT 16A LITE 240V 5A/15A Socket,1,1
BOLT_005875,28.7201691431865,77.2895978763699,3.3,45.0,Delhi,Revos,BOLT 16A LITE 240V 5A/15A Socket,1,1
BOLT_00013175,28.6194992065429,77.0772094726562,3.3,50.0,Delhi,Revos,BOLT 16A LITE 240V 5A/15A Socket,1,1
BOLT_005969,28.6725505272369,77.2548324242234,3.3,40.0,Delhi,Revos,BOLT 16A LITE 240V 5A/15A Socket,1,1
BOLT_00014169,28.5628128051757,77.2466735839843,3.3,50.0,New Delhi,Revos,BOLT 16A LITE 240V 5A/15A Socket,1,1
BOLT_005971,28.67248434048,77.255283370614,3.3,40.0,Delhi,Revos,BOLT 16A LITE 240V 5A/15A Socket,1,1
BOLT_005966,28.6725684711948,77.2535375878214,3.3,40.0,Delhi,Revos,BOLT 16A LITE 240V 5A/15A Socket,1,1
BOLT_005941,28.6956262702999,77.3222071677446,3.3,50.0,New Delhi,Revos,BOLT 16A LITE 240V 5A/15A Socket,1,1
BOLT_00011086,28.6408952506112,77.0486272126436,3.3,40.0,Delhi,Revos,BOLT 16A LITE 240V 5A/15A Socket,1,1
BOLT_005952,28.5907306445853,77.0829671993851,3.3,40.0,New Delhi,Revos,BOLT 16A LITE 240V 5A/15A Socket,1,1
BOLT_005871,28.6100790007953,77.2967208176851,3.3,40.0,New Delhi,Revos,BOLT 16A LITE 240V 5A/15A Socket,1,1
BOLT_005877,28.6100042387911,77.2966024652123,3.3,40.0,New Delhi,Revos,BOLT 16A LITE 240V 5A/15A Socket,1,1
BOLT_005978,28.6794790198014,77.3180896416306,3.3,50.0,New Delhi,Revos,BOLT 16A LITE 240V 5A/15A Socket,1,1
BOLT_005977,28.6795469670008,77.3182130232453,3.3,50.0,Delhi,Revos,BOLT 16A LITE 240V 5A/15A Socket,1,1
BOLT_005954,28.6399307250976,77.1055908203125,3.3,40.0,New Delhi,Revos,BOLT 16A LITE 240V 5A/15A Socket,1,1
BOLT_005874,28.5235111029365,77.2618319839239,3.3,40.0,New Delhi,Revos,BOLT 16A LITE 240V 5A/15A Socket,1,1
BOLT_005870,28.5236504395277,77.262009344995,3.3,40.0,New Delhi,Revos,BOLT 16A LITE 240V 5A/15A Socket,1,1
BOLT_005879,28.7009163796742,77.1321498602628,3.3,40.0,Delhi,Revos,BOLT 16A LITE 240V 5A/15A Socket,1,1
BOLT_005965,28.7009516696995,77.1321176737547,3.3,40.0,Delhi,Revos,BOLT 16A LITE 240V 5A/15A Socket,1,1
BOLT_005986,28.5692928444675,77.2465477511286,3.3,50.0,New Delhi,Revos,BOLT 16A LITE 240V 5A/15A Socket,1,1
BOLT_005997,28.5696249865939,77.2468649223446,3.3,50.0,New Delhi,Revos,BOLT 16A LITE 240V 5A/15A Socket,1,1
BOLT_005964,28.5780177052258,77.0311030000448,3.3,40.0,Delhi,Revos,BOLT 16A LITE 240V 5A/15A Socket,1,1
BOLT_005995,28.5781192829352,77.0312106236815,3.3,40.0,Delhi,Revos,BOLT 16A LITE 240V 5A/15A Socket,1,1
BOLT_004097,28.6886073752913,77.3195118829608,3.3,50.0,Delhi,Revos,BOLT 16A LITE 240V 5A/15A Socket,1,1
BOLT_004185,28.6885856105439,77.3195668682456,3.3,50.0,Delhi,Revos,BOLT 16A LITE 240V 5A/15A Socket,1,1
BOLT_005987,28.6885876693715,77.3195631802082,3.3,50.0,Delhi,Revos,BOLT 16A LITE 240V 5A/15A Socket,1,1
BOLT_00008509,28.6979905011043,77.1602540463209,3.3,10.0,Delhi,Revos,BOLT 16A LITE 240V 5A/15A Socket,1,1
BOLT_005961,28.5374659409966,77.2669610381126,3.3,40.0,New Delhi,Revos,BOLT 16A LITE 240V 5A/15A Socket,1,1
BOLT_005988,28.5374497412006,77.2667028754949,3.3,40.0,New Delhi,Revos,BOLT 16A LITE 240V 5A/15A Socket,1,1
BOLT_00012806,28.7396167956603,77.1925166621804,3.3,40.0,Delhi,Revos,BOLT 16A LITE 240V 5A/15A Socket,1,1
BOLT_00006639,28.6144130457047,77.083194181323,3.3,40.0,New Delhi,Revos,BOLT 16A LITE 240V 5A/15A Socket,1,1
BOLT_005963,28.6943089950166,77.2549735754728,3.3,45.0,Delhi,Revos,BOLT 16A LITE 240V 5A/15A Socket,1,1
BOLT_005912,28.707253983268,77.2757580131292,3.3,40.0,Delhi,Revos,BOLT 16A LITE 240V 5A/15A Socket,1,1
BOLT_005929,28.7072134021822,77.2761261463165,3.3,40.0,Delhi,Revos,BOLT 16A LITE 240V 5A/15A Socket,1,1
BOLT_00012814,28.6651402924267,77.1139420196414,3.3,20.0,New Delhi,Revos,BOLT 16A LITE 240V 5A/15A Socket,1,1
BOLT_005910,28.7071742914108,77.2759940475225,3.3,40.0,Delhi,Revos,BOLT 16A LITE 240V 5A/15A Socket,1,1
BOLT_00014753,28.7193732023745,77.1737760677933,3.3,50.0,Delhi,Revos,BOLT 16A LITE 240V 5A/15A Socket,1,1
BOLT_00007741,28.6054415954639,77.0958900824189,3.3,40.0,New Delhi,Revos,BOLT 16A LITE 240V 5A/15A Socket,1,1
BOLT_005992,28.7365788162159,77.1448015049099,3.3,40.0,Delhi,Revos,BOLT 16A LITE 240V 5A/15A Socket,1,1
BOLT_005922,28.5727420069127,77.2688845172524,3.3,50.0,New Delhi,Revos,BOLT 16A LITE 240V 5A/15A Socket,1,1
BOLT_005918,28.5723645302431,77.2688613831996,3.3,50.0,New Delhi,Revos,BOLT 16A LITE 240V 5A/15A Socket,1,1
BOLT_005880,28.6199585963514,77.0435947179794,3.3,50.0,Delhi,Revos,BOLT 16A LITE 240V 5A/15A Socket,1,1
BOLT_005962,28.7361090298177,77.144666723907,3.3,40.0,Delhi,Revos,BOLT 16A LITE 240V 5A/15A Socket,1,1
BOLT_005991,28.7364362342094,77.1450797840952,3.3,40.0,Delhi,Revos,BOLT 16A LITE 240V 5A/15A Socket,1,1
BOLT_00011410,28.6964023932538,77.0962870493531,3.3,1.0,Delhi,Revos,BOLT 16A LITE 240V 5A/15A Socket,1,1
BOLT_005916,28.6637955683993,77.1969721466302,3.3,50.0,Delhi,Revos,BOLT 16A LITE 240V 5A/15A Socket,1,1
BOLT_00006207,28.6896826658253,77.3140659928321,3.3,40.0,New Delhi,Revos,BOLT 16A LITE 240V 5A/15A Socket,1,1
BOLT_005878,28.6090055428224,77.0501406490802,3.3,40.0,New Delhi,Revos,BOLT 16A LITE 240V 5A/15A Socket,1,1
BOLT_005888,28.6092389553741,77.0497899502515,3.3,40.0,New Delhi,Revos,BOLT 16A LITE 240V 5A/15A Socket,1,1
BOLT_005939,28.6906876524917,77.1911557763814,3.3,40.0,Delhi,Revos,BOLT 16A LITE 240V 5A/15A Socket,1,1
BOLT_005907,28.6907026522197,77.190773896873,3.3,40.0,Delhi,Revos,BOLT 16A LITE 240V 5A/15A Socket,1,1
BOLT_005940,28.6905888307011,77.191418968141,3.3,40.0,Delhi,Revos,BOLT 16A LITE 240V 5A/15A Socket,1,1
BOLT_005887,28.6329021762869,77.0876017212867,3.3,40.0,New Delhi,Revos,BOLT 16A LITE 240V 5A/15A Socket,1,1
BOLT_005886,28.6329136529925,77.0864386484026,3.3,40.0,New Delhi,Revos,BOLT 16A LITE 240V 5A/15A Socket,1,1
BOLT_005993,28.6331793825177,77.0881800726056,3.3,40.0,New Delhi,Revos,BOLT 16A LITE 240V 5A/15A Socket,1,1
BOLT_005909,28.53899695775,77.2656980529427,3.3,40.0,New Delhi,Revos,BOLT 16A LITE 240V 5A/15A Socket,1,1
BOLT_005938,28.5390264114902,77.2656152397394,3.3,40.0,New Delhi,Revos,BOLT 16A LITE 240V 5A/15A Socket,1,1
BOLT_005865,28.6622978473633,77.2819441929459,3.3,40.0,Delhi,Revos,BOLT 16A LITE 240V 5A/15A Socket,1,1
BOLT_005860,28.6621831124002,77.2819307819008,3.3,40.0,Delhi,Revos,BOLT 16A LITE 240V 5A/15A Socket,1,1
BOLT_005866,28.5401309208033,77.257616892457,3.3,40.0,New Delhi,Revos,BOLT 16A LITE 240V 5A/15A Socket,1,1
BOLT_005908,28.5402116231632,77.2577107697725,3.3,40.0,New Delhi,Revos,BOLT 16A LITE 240V 5A/15A Socket,1,1
BOLT_005862,28.6616288525021,77.2804002463817,3.3,40.0,New Delhi,Revos,BOLT 16A LITE 240V 5A/15A Socket,1,1
BOLT_005863,28.6861382240806,77.3127667978406,3.3,40.0,Delhi,Revos,BOLT 16A LITE 240V 5A/15A Socket,1,1
BOLT_001484,28.5289344787597,77.2926635742187,3.3,5.0,New Delhi,Revos,BOLT 16A LITE 240V 5A/15A Socket,1,1
BOLT_001494,28.5689389160051,77.1870968743405,3.3,40.0,New Delhi,Revos,BOLT 16A LITE 240V 5A/15A Socket,1,1
BOLT_004668,28.6086865,77.0494577,3.3,5.0,Delhi,Revos,BOLT 16A LITE 240V 5A/15A Socket,1,1
BOLT_002555,28.5289341149285,77.292667267478,3.3,5.0,New Delhi,Revos,BOLT 16A LITE 240V 5A/15A Socket,1,1
BOLT_005864,28.6733997731576,77.1593850106,3.3,40.0,Delhi,Revos,BOLT 16A LITE 240V 5A/15A Socket,1,1
BOLT_005902,28.6734265417949,77.1593635529279,3.3,40.0,Delhi,Revos,BOLT 16A LITE 240V 5A/15A Socket,1,1
BOLT_005905,28.673516849125,77.1594889461994,3.3,40.0,Delhi,Revos,BOLT 16A LITE 240V 5A/15A Socket,1,1
BOLT_003928,28.6630883384262,77.1448346972465,3.3,40.0,New Delhi,Revos,BOLT 16A LITE 240V 5A/15A Socket,1,1
BOLT_005203,28.6630356784328,77.1447994932532,3.3,40.0,New Delhi,Revos,BOLT 16A LITE 240V 5A/15A Socket,1,1
BOLT_005201,28.605544618434,77.0543681457638,3.3,50.0,New Delhi,Revos,BOLT 16A LITE 240V 5A/15A Socket,1,1
BOLT_00015132,28.5236038958243,77.2619288787245,3.3,40.0,New Delhi,Revos,BOLT 16A LITE 240V 5A/15A Socket,1,1
BOLT_00015102,28.5047411053125,77.2780801355838,3.3,50.0,delhi,Revos,BOLT 16A LITE 240V 5A/15A Socket,1,1
BOLT_00015216,28.5700039453459,77.2538396716117,3.3,80.0,New Delhi,Revos,BOLT 16A LITE 240V 5A/15A Socket,1,1
BOLT_00015192,28.5699789170322,77.2537994384765,3.3,80.0,New Delhi,Revos,BOLT 16A LITE 240V 5A/15A Socket,1,1
BOLT_00015083,28.5748522591004,77.2411182895302,3.3,40.0,New Delhi,Revos,BOLT 16A LITE 240V 5A/15A Socket,1,1
BOLT_00015131,28.5260995519955,77.2824507951736,3.3,40.0,New Delhi,Revos,BOLT 16A LITE 240V 5A/15A Socket,1,1
BOLT_00015178,28.5751340350714,77.2389688342809,3.3,40.0,New Delhi,Revos,BOLT 16A LITE 240V 5A/15A Socket,1,1
BOLT_00015218,28.6673048764867,77.2077324986457,3.3,50.0,New Delhi,Revos,BOLT 16A LITE 240V 5A/15A Socket,1,1
BOLT_005868,28.5898536450966,77.0756397396326,3.3,50.0,New Delhi,Revos,BOLT 16A LITE 240V 5A/15A Socket,1,1
BOLT_005895,28.5868893385599,77.0722983777523,3.3,50.0,New Delhi,Revos,BOLT 16A LITE 240V 5A/15A Socket,1,1
BOLT_00014793,28.5999161784141,76.9990898296237,3.3,10.0,Delhi,Revos,BOLT 16A LITE 240V 5A/15A Socket,1,1
BOLT_00015145,28.560833467175,77.2711630538106,3.3,50.0,New Delhi,Revos,BOLT 16A LITE 240V 5A/15A Socket,1,1
BOLT_00015114,28.5608979574811,77.2712730243802,3.3,50.0,New Delhi,Revos,BOLT 16A LITE 240V 5A/15A Socket,1,1
BOLT_00014250,28.4986794432228,77.1855844929814,3.3,100.0,New Delhi,Revos,BOLT 16A LITE 240V 5A/15A Socket,1,1
BOLT_00012868,28.6935607964493,77.1949725598096,3.3,100.0,New Delhi,Revos,BOLT 16A LITE 240V 5A/15A Socket,1,1
BOLT_00015243,28.6093093028132,77.0343129336834,3.3,50.0,Delhi,Revos,BOLT 16A LITE 240V 5A/15A Socket,1,1
BOLT_00015151,28.5437553972126,77.2505425661802,3.3,50.0,New Delhi,Revos,BOLT 16A LITE 240V 5A/15A Socket,1,1
BOLT_00015130,28.5437978086801,77.2505432367324,3.3,50.0,New Delhi,Revos,BOLT 16A LITE 240V 5A/15A Socket,1,1
BOLT_00015205,28.6093022386373,77.0342995226383,3.3,50.0,Delhi,Revos,BOLT 16A LITE 240V 5A/15A Socket,1,1
BOLT_00015176,28.625391138983,77.2858860343694,3.3,40.0,New Delhi,Revos,BOLT 16A LITE 240V 5A/15A Socket,1,1
BOLT_00015081,28.5769556970389,77.2588832303881,3.3,40.0,New Delhi,Revos,BOLT 16A LITE 240V 5A/15A Socket,1,1
BOLT_00011789,28.6506416044609,77.164535857737,3.3,18.0,New Delhi,Revos,BOLT 16A LITE 240V 5A/15A Socket,1,1
BOLT_00015365,28.560880288908,77.2713243216276,3.3,50.0,New Delhi,Revos,BOLT 16A LITE 240V 5A/15A Socket,1,1
BOLT_00015064,28.5310314805964,77.262051589787,3.3,40.0,New Delhi,Revos,BOLT 16A LITE 240V 5A/15A Socket,1,1
BOLT_00015367,28.5821016406849,77.2640424594283,3.3,50.0,New Delhi,Revos,BOLT 16A LITE 240V 5A/15A Socket,1,1
BOLT_00015363,28.5821016406849,77.2640424594283,3.3,50.0,New Delhi,Revos,BOLT 16A LITE 240V 5A/15A Socket,1,1
BOLT_00015091,28.6172791565822,77.2867564111948,3.3,40.0,New Delhi,Revos,BOLT 16A LITE 240V 5A/15A Socket,1,1
BOLT_00015331,28.6591081686055,77.0502838119864,3.3,30.0,Delhi,Revos,BOLT 16A LITE 240V 5A/15A Socket,1,1
BOLT_00015172,28.571403754731,77.2544696554541,3.3,40.0,New Delhi,Revos,BOLT 16A LITE 240V 5A/15A Socket,1,1
BOLT_00015105,28.5712229642423,77.2543566673994,3.3,40.0,New Delhi,Revos,BOLT 16A LITE 240V 5A/15A Socket,1,1
BOLT_00015359,28.4967040905667,77.2419055178761,3.3,50.0,New Delhi,Revos,BOLT 16A LITE 240V 5A/15A Socket,1,1
BOLT_00015366,28.4966669639546,77.2418505325913,3.3,50.0,New Delhi,Revos,BOLT 16A LITE 240V 5A/15A Socket,1,1
BOLT_00007729,28.7082320414858,77.1506695076823,3.3,40.0,New Delhi,Revos,BOLT 16A LITE 240V 5A/15A Socket,1,1
BOLT_00015203,28.5424812780814,77.2647307813167,3.3,40.0,New Delhi,Revos,BOLT 16A LITE 240V 5A/15A Socket,1,1
BOLT_00015224,28.5427410511939,77.2649289295077,3.3,40.0,New Delhi,Revos,BOLT 16A LITE 240V 5A/15A Socket,1,1
BOLT_00015371,28.5771367721068,77.2393339499831,3.3,100.0,New Delhi,Revos,BOLT 16A LITE 240V 5A/15A Socket,1,1
BOLT_00015500,28.5758241916282,77.2445555403828,3.3,40.0,New Delhi,Revos,BOLT 16A LITE 240V 5A/15A Socket,1,1
BOLT_00015196,28.7122329865951,77.2879124432802,3.3,40.0,Delhi,Revos,BOLT 16A LITE 240V 5A/15A Socket,1,1
BOLT_00015221,28.712478519548,77.287827283144,3.3,40.0,Delhi,Revos,BOLT 16A LITE 240V 5A/15A Socket,1,1
BOLT_00015193,28.6860917523024,77.185731343925,3.3,90.0,New Delhi,Revos,BOLT 16A LITE 240V 5A/15A Socket,1,1
BOLT_00015225,28.7130386853849,77.2867406532168,3.3,40.0,Delhi,Revos,BOLT 16A LITE 240V 5A/15A Socket,1,1
BOLT_005861,28.5957625784409,77.299471758306,3.3,40.0,New Delhi,Revos,BOLT 16A LITE 240V 5A/15A Socket,1,1
BOLT_00015364,28.5337042815031,77.2764889150857,3.3,40.0,New Delhi,Revos,BOLT 16A LITE 240V 5A/15A Socket,1,1
BOLT_00015079,28.5337033978464,77.2764872387051,3.3,40.0,New Delhi,Revos,BOLT 16A LITE 240V 5A/15A Socket,1,1
BOLT_005194,28.6867279432715,77.3190756887197,3.3,40.0,Delhi,Revos,BOLT 16A LITE 240V 5A/15A Socket,1,1
BOLT_00012624,28.619262254674,77.0726748928427,3.3,13.0,New Delhi,Revos,BOLT 16A LITE 240V 5A/15A Socket,1,1
BOLT_003993,28.6858232156108,77.3182629793882,3.3,40.0,Delhi,Revos,BOLT 16A LITE 240V 5A/15A Socket,1,1
BOLT_00015369,28.5012019124516,77.1832690760493,3.3,15.0,New Delhi,Revos,BOLT 16A LITE 240V 5A/15A Socket,1,1
BOLT_00015175,28.6437688772892,77.2851457446813,3.3,40.0,New Delhi,Revos,BOLT 16A LITE 240V 5A/15A Socket,1,1
BOLT_00015165,28.5611376608297,77.0023530721664,3.3,15.0,New Delhi,Revos,BOLT 16A LITE 240V 5A/15A Socket,1,1
BOLT_00015691,28.4967367973333,77.3249229043722,3.3,10.0,New Delhi,Revos,BOLT 16A LITE 240V 5A/15A Socket,1,1
BOLT_00015174,28.5211432364717,77.2557108476758,3.3,50.0,New Delhi,Revos,BOLT 16A LITE 240V 5A/15A Socket,1,1
BOLT_00015306,28.6448187347789,77.2792683541774,3.3,100.0,New Delhi,Revos,BOLT 16A LITE 240V 5A/15A Socket,1,1
BOLT_00015217,28.644766948333,77.2792375087738,3.3,20.0,New Delhi,Revos,BOLT 16A LITE 240V 5A/15A Socket,1,1
BOLT_00015162,28.4979858346435,77.3024691268801,3.3,40.0,New Delhi,Revos,BOLT 16A LITE 240V 5A/15A Socket,1,1
BOLT_00015097,28.4986193345883,77.3163897916674,3.3,50.0,New Delhi,Revos,BOLT 16A LITE 240V 5A/15A Socket,1,1
BOLT_00015171,28.5437524519712,77.2505016624927,3.3,50.0,New Delhi,Revos,BOLT 16A LITE 240V 5A/15A Socket,1,1
BOLT_00015142,28.504421722485,77.2784465923905,3.3,50.0,New Delhi,Revos,BOLT 16A LITE 240V 5A/15A Socket,1,1
BOLT_00010461,28.5660287856148,77.1716235950589,3.3,10.0,New Delhi,Revos,BOLT 16A LITE 240V 5A/15A Socket,1,1
BOLT_00015156,28.5565119376816,77.253121510148,3.3,50.0,New Delhi,Revos,BOLT 16A LITE 240V 5A/15A Socket,1,1
BOLT_00015324,28.5594182042077,77.0504239574074,3.3,40.0,New Delhi,Revos,BOLT 16A LITE 240V 5A/15A Socket,1,1
BOLT_00015164,28.5714175937296,77.2551968693733,3.3,40.0,New Delhi,Revos,BOLT 16A LITE 240V 5A/15A Socket,1,1
BOLT_00015090,28.5715715892715,77.2551365196704,3.3,40.0,New Delhi,Revos,BOLT 16A LITE 240V 5A/15A Socket,1,1
BOLT_00015323,28.5593316269541,77.0505959540605,3.3,40.0,New Delhi,Revos,BOLT 16A LITE 240V 5A/15A Socket,1,1
BOLT_00015095,28.6056414599338,77.3062973096966,3.3,40.0,New Delhi,Revos,BOLT 16A LITE 240V 5A/15A Socket,1,1
BOLT_00015173,28.670862016457,77.2023630514741,3.3,40.0,Delhi,Revos,BOLT 16A LITE 240V 5A/15A Socket,1,1
BOLT_00013948,28.7047008730012,77.0850871503353,3.3,10.0,New Delhi,Revos,BOLT 16A LITE 240V 5A/15A Socket,1,1
BOLT_00015100,28.6832972310764,77.197473719716,3.3,40.0,New Delhi,Revos,BOLT 16A LITE 240V 5A/15A Socket,1,1
BOLT_005202,28.6832698766952,77.197370454669,3.3,40.0,New Delhi,Revos,BOLT 16A LITE 240V 5A/15A Socket,1,1
BOLT_003373,28.556767847845,77.2732276841998,3.3,40.0,New Delhi,Revos,BOLT 16A LITE 240V 5A/15A Socket,1,1
BOLT_00015099,28.5345767416217,77.2761767730116,3.3,40.0,New Delhi,Revos,BOLT 16A LITE 240V 5A/15A Socket,1,1
BOLT_00015318,28.598089321143,77.0506308227777,3.3,40.0,New Delhi,Revos,BOLT 16A LITE 240V 5A/15A Socket,1,1
BOLT_00015167,28.534385284078,77.2761687263846,3.3,40.0,New Delhi,Revos,BOLT 16A LITE 240V 5A/15A Socket,1,1
BOLT_00015198,28.6844696390207,77.327311746776,3.3,40.0,New Delhi,Revos,BOLT 16A LITE 240V 5A/15A Socket,1,1
BOLT_005199,28.6844040480549,77.3272933065891,3.3,40.0,Delhi,Revos,BOLT 16A LITE 240V 5A/15A Socket,1,1
BOLT_00015319,28.5037334550978,77.3005067557096,3.3,40.0,New Delhi,Revos,BOLT 16A LITE 240V 5A/15A Socket,1,1
BOLT_00015325,28.5036321002745,77.3003424704074,3.3,40.0,New Delhi,Revos,BOLT 16A LITE 240V 5A/15A Socket,1,1
BOLT_00015285,28.6472091222168,77.2788861393928,3.3,15.0,Delhi,Revos,BOLT 16A LITE 240V 5A/15A Socket,1,1
BOLT_005953,28.5183787926139,77.0819834992289,3.3,45.0,New Delhi,Revos,BOLT 16A LITE 240V 5A/15A Socket,1,1
BOLT_00014713,28.5773511174753,77.2619315609335,3.3,50.0,New Delhi,Revos,BOLT 16A LITE 240V 5A/15A Socket,1,1
BOLT_00014718,28.5772992977559,77.2617619112134,3.3,50.0,New Delhi,Revos,BOLT 16A LITE 240V 5A/15A Socket,1,1
BOLT_00014705,28.5202665408969,77.202801592648,3.3,50.0,New Delhi,Revos,BOLT 16A LITE 240V 5A/15A Socket,1,1
BOLT_001440,28.6480220886905,77.2793126106262,3.3,40.0,New Delhi,Revos,BOLT 16A LITE 240V 5A/15A Socket,1,1
BOLT_00015286,28.647777875754,77.2792747244238,3.3,40.0,New Delhi,Revos,BOLT 16A LITE 240V 5A/15A Socket,1,1
BOLT_00015313,28.500237836015,77.2463707253336,3.3,50.0,New Delhi,Revos,BOLT 16A LITE 240V 5A/15A Socket,1,1
BOLT_00015314,28.4982466013604,77.2456059604883,3.3,40.0,New Delhi,Revos,BOLT 16A LITE 240V 5A/15A Socket,1,1
BOLT_00014570,28.6486691031071,77.2814194858074,3.3,50.0,New Delhi,Revos,BOLT 16A LITE 240V 5A/15A Socket,1,1
BOLT_00014700,28.6487100011102,77.2812240198254,3.3,30.0,New Delhi,Revos,BOLT 16A LITE 240V 5A/15A Socket,1,1
BOLT_00015307,28.6542331446229,77.2740987315774,3.3,15.0,New Delhi,Revos,BOLT 16A LITE 240V 5A/15A Socket,1,1
BOLT_00015280,28.6541328173675,77.2741476818919,3.3,15.0,New Delhi,Revos,BOLT 16A LITE 240V 5A/15A Socket,1,1
BOLT_00015157,28.499710713481,77.2933147475123,3.3,40.0,New Delhi,Revos,BOLT 16A LITE 240V 5A/15A Socket,1,1
BOLT_00014701,28.7068884588629,77.2759836539626,3.3,45.0,Delhi,Revos,BOLT 16A LITE 240V 5A/15A Socket,1,1
BOLT_00015362,28.5011662606375,77.1830105781555,3.3,50.0,New Delhi,Revos,BOLT 16A LITE 240V 5A/15A Socket,1,1
GEN0001,28.600324,77.226883,15.0,9.5,Delhi,EESL,DC-001,1,1
GEN0002,28.600324,77.226883,15.0,9.5,Delhi,EESL,DC-001,1,1
GEN0003,28.600735,77.226277,15.0,9.5,Delhi,EESL,DC-001,1,1
GEN0004,28.588117,77.217564,15.0,9.5,Delhi,EESL,DC-001,1,1
GEN0005,28.580532,77.221048,15.0,9.5,Delhi,EESL,DC-001,1,1
GEN0006,28.584365,77.22054,15.0,9.5,Delhi,EESL,DC-001,1,1
GEN0007,28.577259,77.19692,15.0,9.5,Delhi,EESL,DC-001,1,1
GEN0008,28.585298,77.191008,15.0,9.5,Delhi,EESL,DC-001,1,1
GEN0009,28.601809,77.186432,15.0,9.5,Delhi,EESL,DC-001,1,1
GEN0010,28.601809,77.186432,15.0,9.5,Delhi,EESL,DC-001,1,1
GEN0011,28.633733,77.22353,15.0,9.5,Delhi,EESL,DC-001,1,1
GEN0012,28.632973,77.222937,15.0,9.5,Delhi,EESL,DC-001,1,1
GEN0013,28.630256,77.225668,15.0,9.5,Delhi,EESL,DC-001,1,1
GEN0014,28.63363,77.221949,15.0,9.5,Delhi,EESL,DC-001,1,1
GEN0015,28.633867,77.22191,15.0,9.5,Delhi,EESL,DC-001,1,1
GEN0016,28.6001517,77.2157617,15.0,9.5,Delhi,EESL,DC-001,1,1
GEN0017,28.631584,77.2219,15.0,9.5,Delhi,EESL,DC-001,1,1
GEN0018,28.634422,77.220852,15.0,9.5,Delhi,EESL,DC-001,1,1
GEN0019,28.633841,77.217664,15.0,9.5,Delhi,EESL,DC-001,1,1
GEN0020,28.634388,77.221038,15.0,9.5,Delhi,EESL,DC-001,1,1
GEN0021,28.63491,77.219522,15.0,10.0,Delhi,EESL,DC-001,1,1
GEN0022,28.621724,77.219286,15.0,9.5,Delhi,EESL,DC-001,1,1
GEN0023,28.633614,77.207691,15.0,9.5,Delhi,EESL,DC-001,1,1
GEN0024,28.624419,77.213718,15.0,9.5,Delhi,EESL,DC-001,1,1
GEN0025,28.600234,77.2135299,15.0,9.5,Delhi,EESL,DC-001,1,1
GEN0026,28.601118,77.2136033,15.0,9.5,Delhi,EESL,DC-001,1,1
GEN0027,28.59031055,77.2201632,15.0,9.5,Delhi,EESL,DC-001,1,1
GEN0028,28.59031055,77.2201632,15.0,9.5,Delhi,EESL,DC-001,1,1
GEN0029,28.585367,77.17755,15.0,9.5,Delhi,EESL,DC-001,1,1
GEN0030,28.585367,77.17755,15.0,9.5,Delhi,EESL,DC-001,1,1
GEN0031,28.572793,77.208662,15.0,9.5,Delhi,EESL,DC-001,1,1
GEN0032,28.622656,77.210994,15.0,9.5,Delhi,EESL,DC-001,1,1
GEN0033,28.62203994,77.19486661,15.0,9.5,Delhi,EESL,DC-001,1,1
GEN0034,28.62203994,77.19486661,15.0,9.5,Delhi,EESL,DC-001,1,1
GEN0035,28.583518,77.222057,15.0,9.5,Delhi,EESL,DC-001,1,1
GEN0036,28.586638,77.193352,15.0,9.5,Delhi,EESL,DC-001,1,1
GEN0037,28.586638,77.193352,15.0,9.5,Delhi,EESL,DC-001,1,1
GEN0038,28.61817712,77.21258998,15.0,9.5,Delhi,EESL,DC-001,1,1
GEN0039,28.61817712,77.21258998,15.0,9.5,Delhi,EESL,DC-001,1,1
GEN0040,28.63388,77.221078,15.0,9.5,Delhi,EESL,DC-001,1,1
GEN0041,28.63388,77.221078,15.0,9.5,Delhi,EESL,DC-001,1,1
GEN0042,28.634137,77.220382,15.0,9.5,Delhi,EESL,DC-001,1,1
GEN0043,28.628528,77.21946,15.0,9.5,Delhi,EESL,DC-001,1,1
GEN0044,28.634371,77.2195,15.0,9.5,Delhi,EESL,DC-001,1,1
GEN0045,28.63242,77.218068,15.0,9.5,Delhi,EESL,DC-001,1,1
GEN0046,28.631121,77.221654,15.0,9.5,Delhi,EESL,DC-001,1,1
GEN0047,28.626695,77.231943,15.0,9.5,Delhi,EESL,DC-001,1,1
GEN0048,28.617517,77.213919,15.0,9.5,Delhi,EESL,DC-001,1,1
GEN0049,28.577999,77.209521,15.0,9.5,Delhi,EESL,DC-001,1,1
GEN0050,28.627546,77.219769,15.0,9.5,Delhi,EESL,DC-001,1,1
GEN0051,28.62575342,77.19453,15.0,9.5,Delhi,EESL,DC-001,1,1
GEN0052,28.62575342,77.19453,15.0,9.5,Delhi,EESL,DC-001,1,1
GEN0053,28.63407,77.217683,15.0,9.5,Delhi,EESL,DC-001,1,1
GEN0054,28.585492,77.191634,15.0,9.5,Delhi,EESL,DC-001,1,1
GEN0055,28.55667773,77.2326006,15.0,9.5,Delhi,EESL,DC-001,1,1
GEN0056,28.558938,77.19631,15.0,10.0,Delhi,EESL,DC-001,1,1
GEN0057,28.546273,77.19711,15.0,10.0,Delhi,EESL,DC-001,1,1
GEN0058,28.546273,77.19711,3.3,10.0,Delhi,EESL,BEVC-AC001,1,1
GEN0059,28.546273,77.19711,3.3,10.0,Delhi,EESL,BEVC-AC001,1,1
GEN0060,28.546273,77.19711,3.3,10.0,Delhi,EESL,BEVC-AC001,1,1
GEN0061,28.55205918,77.20325422,15.0,10.0,Delhi,EESL,DC-001,1,1
GEN0062,28.547217,77.244324,15.0,10.0,Delhi,EESL,DC-001,1,1
GEN0063,28.547217,77.244324,3.3,10.0,Delhi,EESL,BEVC-AC001,1,1
GEN0064,28.547217,77.244324,3.3,10.0,Delhi,EESL,BEVC-AC001,1,1
GEN0065,28.547217,77.244324,3.3,10.0,Delhi,EESL,BEVC-AC001,1,1
GEN0066,28.531006,77.208693,15.0,10.0,Delhi,EESL,DC-001,1,1
GEN0067,28.531006,77.208693,15.0,10.0,Delhi,EESL,DC-001,1,1
GEN0068,28.558244,77.16444,15.0,10.0,Delhi,EESL,DC-001,1,1
GEN0069,28.558244,77.16444,15.0,10.0,Delhi,EESL,DC-001,1,1
GEN0070,28.56793,77.242612,15.0,10.0,Delhi,EESL,DC-001,1,1
GEN0071,28.58107736,77.22719863,15.0,10.0,Delhi,EESL,DC-001,1,1
GEN0072,28.569119,77.244011,15.0,10.0,Delhi,EESL,DC-001,1,1
GEN0073,28.55446993,77.19563012,15.0,10.0,Delhi,EESL,DC-001,1,1
GEN0074,28.5505606169718,77.2516973879642,15.0,12.0,Delhi,Blusmart,BEVC DC 001,36,36
GEN0075,28.5251032131293,77.1565795921103,15.0,12.0,Delhi,Blusmart,BEVC DC 001,18,18
GEN0076,28.5229164944631,77.0890678417782,15.0,12.0,Delhi,Blusmart,BEVC DC 001,26,26
GEN0077,28.5548755771398,77.0882809833185,15.0,12.0,Delhi,Blusmart,BEVC DC 001,10,10
GEN0078,28.5681203412086,77.2199439691884,15.0,12.0,Delhi,Blusmart,BEVC DC 001,2,2
GEN0079,28.5496742373089,77.2546128121537,15.0,12.0,Delhi,Blusmart,BEVC DC 001,1,1
GEN0080,28.5982349605383,77.0335573526397,15.0,12.0,Delhi,Blusmart,BEVC DC 001,34,34
GEN0081,28.5982349605383,77.0335573526397,30.0,12.0,Delhi,Blusmart,CCS Type 2 DC Charger,2,2
61689652883624,28.5360962,77.2231022,7.0,15.0,Delhi,EFILL,TYPE - 2,1,1
29461772097192,28.73396,77.26943,7.0,15.0,Delhi,EFILL,TYPE - 2,1,1
61060063997737,28.5079196,77.1850728,7.0,15.0,Delhi,EFILL,TYPE - 2,1,1
29461793276823,28.7981025,77.080616,7.0,15.0,Delhi,EFILL,TYPE - 2,1,1
29461983276860,29.3478,77.71449,7.0,15.0,Delhi,EFILL,TYPE - 2,1,1
84702783670075,28.6260376,77.1221717,7.0,15.0,Delhi,EFILL,TYPE - 2,1,1
61689703604518,28.7378801,77.0899587,7.0,15.0,Delhi,EFILL,TYPE - 2,1,1
29461822359334,28.72842,77.04717,7.0,15.0,Delhi,EFILL,TYPE - 2,1,1
29461774194344,28.6971921,77.2166152,7.0,15.0,Delhi,EFILL,TYPE - 2,1,1
61689622490417,28.6754883,77.2917404,7.0,15.0,Delhi,EFILL,TYPE - 2,1,1
84702782555962,28.708321,77.258086,7.0,15.0,Delhi,EFILL,TYPE - 2,1,1
61689682424890,28.739014,77.1493044,7.0,15.0,Delhi,EFILL,TYPE - 2,1,1
29461821769525,28.726506,77.1583246,7.0,15.0,Delhi,EFILL,TYPE - 2,1,1
61689703211302,28.7926999,77.0727241,7.0,15.0,Delhi,EFILL,TYPE - 2,1,1
29461772621479,28.7264561,77.0834144,7.0,15.0,Delhi,EFILL,TYPE - 2,1,1
29461982490429,28.5841269,77.0719511,7.0,15.0,Delhi,EFILL,TYPE - 2,1,1
29461803735597,28.61175,77.05972,7.0,15.0,Delhi,EFILL,TYPE - 2,1,1
29461983473467,28.6539425,77.2017582,7.0,15.0,Delhi,EFILL,TYPE - 2,1,1
EFILLAC001_00003,28.6816184,77.1548718,2.2,15.0,Delhi,EFILL,BHARAT-AC001,1,1
29461832490400,28.712543,77.123276,7.0,15.0,Delhi,EFILL,TYPE - 2,1,1
GEN0082,28.568238,77.219666,15.0,15.0,Delhi,GensolCharge Pvt. Ltd.,BEVC DC 001,2,2
GEN0083,28.541995,77.260583,3.3,15.0,Delhi,REIL,BEVC AC 001,3,3
GEN0084,28.571189,77.259806,15.0,15.0,Delhi,REIL,BEVC DC 001,2,2
GEN0085,28.588991,77.25324,15.0,15.0,Delhi,REIL,BEVC DC 001,4,4
GEN0086,28.626722,77.065972,3.3,15.0,Delhi,Smart E,BEVC AC 001,20,20
GEN0087,28.510291,77.171653,15.0,15.0,Delhi,EEE,BEVC DC 001,7,7
GEN0088,28.510291,77.171653,3.3,15.0,Delhi,EEE,BEVC AC 001,12,12
GEN0089,28.544785,77.121449,15.0,15.0,Delhi,HPCL,BEVC DC 001,1,1
GEN0090,28.6453,77.2126,15.0,15.0,Delhi,BSES,BEVC DC 001,2,2
GEN0091,28.6427,77.2247,15.0,15.0,Delhi,BSES,BEVC DC 001,4,4
GEN0092,28.6471,77.3158,15.0,15.0,Delhi,BSES,BEVC DC 001,4,4
GEN0093,28.6573,77.3024,15.0,15.0,Delhi,BSES,BEVC DC 001,1,1
GEN0094,28.6573,77.3024,22.0,15.0,Delhi,BSES,AC Type 2,4,4
GEN0095,28.6553,77.2979,15.0,15.0,Delhi,BSES,BEVC DC 001,1,1
GEN0096,28.6553,77.2979,22.0,15.0,Delhi,BSES,AC Type 2,1,1
GEN0097,28.6553,77.2979,3.3,15.0,Delhi,BSES,BEVC AC 001,3,3
GEN0098,28.6553,77.2979,3.3,15.0,Delhi,BSES,BEVC AC 001,3,3
GEN0099,28.6215,77.2935,15.0,15.0,Delhi,PlugNgo,BEVC DC 001,2,2
GEN0100,28.6215,77.2935,142.0,15.0,Delhi,PlugNgo,CCS2/CHADEMO/TYPE 2 AC,1,1
GEN0101,28.6605745,77.1532531,50.0,15.0,Delhi,TPDDL,CCS/ CHAdeMO,1,1
GEN0102,28.6965847,77.2116941,15.0,15.0,Delhi,TPDDL,BEVC DC 001,1,1
GEN0103,28.6107,77.0765,48.0,15.0,New Delhi,Battery Smart,,24,24
GEN0104,28.6277,77.1066,8.0,15.0,New Delhi,Battery Smart,,4,4
GEN0105,28.621,77.0429,8.0,15.0,New Delhi,Battery Smart,,4,4
GEN0106,28.654,77.1154,20.0,15.0,New Delhi,Battery Smart,,10,10
GEN0107,28.604,77.0744,20.0,15.0,New Delhi,Battery Smart,,10,10
GEN0108,28.6348,77.1135,12.0,15.0,New Delhi,Battery Smart,,6,6
GEN0109,28.6207,77.0476,40.0,15.0,New Delhi,Battery Smart,,20,20
GEN0110,28.5976,77.0808,8.0,15.0,New Delhi,Battery Smart,,4,4
GEN0111,28.5969,77.0033,8.0,15.0,New Delhi,Battery Smart,,4,4
GEN0112,28.6375,77.13,32.0,15.0,New Delhi,Battery Smart,,16,16
GEN0113,28.6722,77.0593,16.0,15.0,New Delhi,Battery Smart,,8,8
GEN0114,28.6551,77.0665,12.0,15.0,New Delhi,Battery Smart,,6,6
GEN0115,28.5942,77.0959,48.0,15.0,New Delhi,Battery Smart,,24,24
GEN0116,28.6536,77.0727,20.0,15.0,New Delhi,Battery Smart,,10,10
GEN0117,28.616,77.0953,88.0,15.0,New Delhi,Battery Smart,,44,44
GEN0118,28.6339,77.044,24.0,15.0,New Delhi,Battery Smart,,12,12
GEN0119,28.6197,77.1109,8.0,15.0,New Delhi,Battery Smart,,4,4
GEN0120,28.6159,77.0802,48.0,15.0,New Delhi,Battery Smart,,24,24
GEN0121,28.7274,77.1619,24.0,15.0,New Delhi,Battery Smart,,12,12
GEN0122,28.6645,77.1187,40.0,15.0,New Delhi,Battery Smart,,20,20
GEN0123,28.6164,77.0794,32.0,15.0,New Delhi,Battery Smart,,16,16
GEN0124,28.6348,77.1088,8.0,15.0,New Delhi,Battery Smart,,4,4
GEN0125,28.6112,77.3279,12.0,15.0,New Delhi,Battery Smart,,6,6
GEN0126,28.6896,77.2848,8.0,15.0,New Delhi,Battery Smart,,4,4
GEN0127,28.7224,77.1698,40.0,15.0,New Delhi,Battery Smart,,20,20
GEN0128,28.4456,77.0447,24.0,15.0,Gurgaon,Battery Smart,,12,12
GEN0129,28.6716,77.0792,4.0,15.0,New Delhi,Battery Smart,,2,2
GEN0130,28.717,77.3097,4.0,15.0,New Delhi,Battery Smart,,2,2
GEN0131,28.7114,77.3085,8.0,15.0,New Delhi,Battery Smart,,4,4
GEN0132,28.7236,77.1463,28.0,15.0,New Delhi,Battery Smart,,14,14
GEN0133,28.6538,77.0636,20.0,15.0,New Delhi,Battery Smart,,10,10
GEN0134,28.6873,77.1422,40.0,15.0,New Delhi,Battery Smart,,20,20
GEN0135,28.6086,77.3185,24.0,15.0,New Delhi,Battery Smart,,12,12
GEN0136,28.6174,77.0263,60.0,15.0,New Delhi,Battery Smart,,30,30
GEN0137,28.6129,77.304,8.0,15.0,New Delhi,Battery Smart,,4,4
GEN0138,28.6158,77.0801,16.0,15.0,New Delhi,Battery Smart,,8,8
GEN0139,28.7573,77.1735,12.0,15.0,New Delhi,Battery Smart,,6,6
GEN0140,28.6246,77.0828,32.0,15.0,New Delhi,Battery Smart,,16,16
GEN0141,28.6729,77.2573,8.0,15.0,New Delhi,Battery Smart,,4,4
GEN0142,28.6135,77.0775,84.0,15.0,New Delhi,Battery Smart,,42,42
GEN0143,28.6706,77.1799,20.0,15.0,New Delhi,Battery Smart,,10,10
GEN0144,28.7027,77.0478,24.0,15.0,New Delhi,Battery Smart,,12,12
GEN0145,28.6822,77.1616,24.0,15.0,New Delhi,Battery Smart,,12,12
GEN0146,28.6572,77.1972,80.0,15.0,New Delhi,Battery Smart,,40,40
GEN0147,28.6839,77.1414,32.0,15.0,New Delhi,Battery Smart,,16,16
GEN0148,28.6349,77.0408,40.0,15.0,New Delhi,Battery Smart,,20,20
GEN0149,28.7123,77.2879,8.0,15.0,New Delhi,Battery Smart,,4,4
GEN0150,28.7027,77.2733,8.0,15.0,New Delhi,Battery Smart,,4,4
GEN0151,28.6896,77.2997,88.0,15.0,New Delhi,Battery Smart,,44,44
GEN0152,28.4866,77.0716,32.0,15.0,Gurgaon,Battery Smart,,16,16
GEN0153,28.5135,77.0758,100.0,15.0,Gurgaon,Battery Smart,,50,50
GEN0154,28.6325,77.1013,80.0,15.0,New Delhi,Battery Smart,,40,40
GEN0155,28.6727,77.255,24.0,15.0,New Delhi,Battery Smart,,12,12
GEN0156,28.673,77.2573,20.0,15.0,New Delhi,Battery Smart,,10,10
GEN0157,28.5797,77.3407,72.0,15.0,Noida,Battery Smart,,36,36
GEN0158,28.7615,77.1865,12.0,15.0,New Delhi,Battery Smart,,6,6
GEN0159,28.6953,77.2662,28.0,15.0,New Delhi,Battery Smart,,14,14
GEN0160,28.7309,77.169,12.0,15.0,New Delhi,Battery Smart,,6,6
GEN0161,28.6361,77.0507,24.0,15.0,New Delhi,Battery Smart,,12,12
GEN0162,28.6745,77.0596,40.0,15.0,New Delhi,Battery Smart,,20,20
GEN0163,28.6271,77.0574,24.0,15.0,New Delhi,Battery Smart,,12,12
GEN0164,28.6712,77.2558,28.0,15.0,New Delhi,Battery Smart,,14,14
GEN0165,28.6511,77.2672,12.0,15.0,New Delhi,Battery Smart,,6,6
GEN0166,28.6689,77.0731,20.0,15.0,New Delhi,Battery Smart,,10,10
GEN0167,28.6621,77.0723,12.0,15.0,New Delhi,Battery Smart,,6,6
GEN0168,28.6157,77.0654,20.0,15.0,New Delhi,Battery Smart,,10,10
GEN0169,28.735,77.1237,20.0,15.0,New Delhi,Battery Smart,,10,10
GEN0170,28.6728,77.2529,24.0,15.0,New Delhi,Battery Smart,,12,12
GEN0171,28.423,76.9897,20.0,15.0,Gurgaon,Battery Smart,,10,10
GEN0172,28.6832,77.1421,12.0,15.0,New Delhi,Battery Smart,,6,6
GEN0173,28.4817,77.0958,24.0,15.0,Gurgaon,Battery Smart,,12,12
GEN0174,28.6792,77.2776,40.0,15.0,New Delhi,Battery Smart,,20,20
GEN0175,28.6058,77.1036,28.0,15.0,New Delhi,Battery Smart,,14,14
GEN0176,28.6728,77.253,24.0,15.0,New Delhi,Battery Smart,,12,12
GEN0177,28.5897,77.329,20.0,15.0,Noida,Battery Smart,,10,10
GEN0178,28.7574,77.1735,12.0,15.0,New Delhi,Battery Smart,,6,6
GEN0179,28.6825,77.2753,20.0,15.0,New Delhi,Battery Smart,,10,10
GEN0180,28.699,77.1835,56.0,15.0,New Delhi,Battery Smart,,28,28
GEN0181,28.6751,77.119,36.0,15.0,New Delhi,Battery Smart,,18,18
GEN0182,28.6273,77.0655,80.0,15.0,New Delhi,Battery Smart,,40,40
GEN0183,28.5981,77.3107,28.0,15.0,New Delhi,Battery Smart,,14,14
GEN0184,28.6175,77.3274,32.0,15.0,New Delhi,Battery Smart,,16,16
GEN0185,28.5892,77.3063,12.0,15.0,New Delhi,Battery Smart,,6,6
GEN0186,28.653,77.1093,12.0,15.0,New Delhi,Battery Smart,,6,6
GEN0187,28.6252,77.0667,28.0,15.0,New Delhi,Battery Smart,,14,14
GEN0188,28.6547,77.2343,60.0,15.0,New Delhi,Battery Smart,,30,30
GEN0189,28.5158,77.31,12.0,15.0,New Delhi,Battery Smart,,6,6
GEN0190,28.6253,77.1396,16.0,15.0,New Delhi,Battery Smart,,8,8
GEN0191,28.4862,77.0696,32.0,15.0,Gurgaon,Battery Smart,,16,16
GEN0192,28.6857,77.2546,12.0,15.0,New Delhi,Battery Smart,,6,6
GEN0193,28.6717,77.2671,20.0,15.0,New Delhi,Battery Smart,,10,10
GEN0194,28.6813,77.2765,32.0,15.0,New Delhi,Battery Smart,,16,16
GEN0195,28.5908,77.3289,92.0,15.0,Noida,Battery Smart,,46,46
GEN0196,28.6699,77.2974,20.0,15.0,New Delhi,Battery Smart,,10,10
GEN0197,28.6673,77.2992,12.0,15.0,New Delhi,Battery Smart,,6,6
GEN0198,28.5833,77.0756,20.0,15.0,New Delhi,Battery Smart,,10,10
GEN0199,28.6821,77.1736,40.0,15.0,New Delhi,Battery Smart,,20,20
GEN0200,28.6684,77.0702,16.0,15.0,New Delhi,Battery Smart,,8,8
GEN0201,28.6714,77.2673,20.0,15.0,New Delhi,Battery Smart,,10,10
GEN0202,28.6508,77.1243,80.0,15.0,New Delhi,Battery Smart,,40,40
GEN0203,28.7341,77.2743,12.0,15.0,New Delhi,Battery Smart,,6,6
GEN0204,28.6986,77.2558,32.0,15.0,New Delhi,Battery Smart,,16,16
GEN0205,28.6394,77.0954,60.0,15.0,New Delhi,Battery Smart,,30,30
GEN0206,28.5813,77.0575,100.0,15.0,New Delhi,Battery Smart,,50,50
GEN0207,28.4865,77.1002,24.0,15.0,Noida,Battery Smart,,12,12
GEN0208,28.534,77.3096,44.0,15.0,New Delhi,Battery Smart,,22,22
GEN0209,28.6704,77.4154,16.0,15.0,Ghaziabad,Battery Smart,,8,8
GEN0210,28.7461,77.1105,24.0,15.0,New Delhi,Battery Smart,,12,12
GEN0211,28.6846,77.1412,20.0,15.0,New Delhi,Battery Smart,,10,10
GEN0212,28.6902,77.2812,20.0,15.0,New Delhi,Battery Smart,,10,10
GEN0213,28.6687,77.1823,40.0,15.0,New Delhi,Battery Smart,,20,20
GEN0214,28.7146,77.1248,80.0,15.0,New Delhi,Battery Smart,,40,40
GEN0215,28.6381,77.2854,20.0,15.0,New Delhi,Battery Smart,,10,10
GEN0216,28.5716,77.2877,20.0,15.0,New Delhi,Battery Smart,,10,10
GEN0217,28.7328,77.2602,12.0,15.0,New Delhi,Battery Smart,,6,6
GEN0218,28.6342,77.1136,40.0,15.0,New Delhi,Battery Smart,,20,20
GEN0219,28.622,77.0541,20.0,15.0,New Delhi,Battery Smart,,10,10
GEN0220,28.6226,77.0163,20.0,15.0,New Delhi,Battery Smart,,10,10
GEN0221,28.668,77.0759,28.0,15.0,New Delhi,Battery Smart,,14,14
GEN0222,28.6143,77.0837,20.0,15.0,New Delhi,Battery Smart,,10,10
GEN0223,28.7225,77.1697,12.0,15.0,New Delhi,Battery Smart,,6,6
GEN0224,28.7398,77.1706,20.0,15.0,New Delhi,Battery Smart,,10,10
GEN0225,28.5468,77.3022,60.0,15.0,New Delhi,Battery Smart,,30,30
GEN0226,28.6907,77.3439,40.0,15.0,Ghaziabad,Battery Smart,,20,20
GEN0227,28.6735,77.2899,100.0,15.0,New Delhi,Battery Smart,,50,50
GEN0228,28.6756,77.3211,100.0,15.0,New Delhi,Battery Smart,,50,50
GEN0229,28.6684,77.1903,24.0,15.0,New Delhi,Battery Smart,,12,12
GEN0230,28.5872,77.3189,44.0,15.0,Noida,Battery Smart,,22,22
GEN0231,28.4567,77.0591,24.0,15.0,Gurgaon,Battery Smart,,12,12
GEN0232,28.6874,77.2792,20.0,15.0,New Delhi,Battery Smart,,10,10
GEN0233,28.6859,77.2675,12.0,15.0,New Delhi,Battery Smart,,6,6
GEN0234,28.5126,77.0673,48.0,15.0,New Delhi,Battery Smart,,24,24
GEN0235,28.7465,77.2002,20.0,15.0,New Delhi,Battery Smart,,10,10
GEN0236,28.6479,77.0646,16.0,15.0,New Delhi,Battery Smart,,8,8
GEN0237,28.6145,77.0836,20.0,15.0,New Delhi,Battery Smart,,10,10
GEN0238,28.6941,77.1816,28.0,15.0,New Delhi,Battery Smart,,14,14
GEN0239,28.6054,77.0817,20.0,15.0,New Delhi,Battery Smart,,10,10
GEN0240,28.6891,77.2596,20.0,15.0,New Delhi,Battery Smart,,10,10
GEN0241,28.6817,77.2752,20.0,15.0,New Delhi,Battery Smart,,10,10
GEN0242,28.6856,77.2806,20.0,15.0,New Delhi,Battery Smart,,10,10
GEN0243,28.7344,77.1703,20.0,15.0,New Delhi,Battery Smart,,10,10
GEN0244,28.7166,77.2517,20.0,15.0,New Delhi,Battery Smart,,10,10
GEN0245,28.6092,77.096,40.0,15.0,New Delhi,Battery Smart,,20,20
GEN0246,28.6617,77.1832,64.0,15.0,New Delhi,Battery Smart,,32,32
GEN0247,28.8067,77.051,20.0,15.0,New Delhi,Battery Smart,,10,10
GEN0248,28.6177,77.0126,12.0,15.0,New Delhi,Battery Smart,,6,6
GEN0249,28.5604,77.3445,60.0,15.0,Noida,Battery Smart,,30,30
GEN0250,28.6378,77.0388,24.0,15.0,New Delhi,Battery Smart,,12,12
GEN0251,28.5323,77.2558,40.0,15.0,New Delhi,Battery Smart,,20,20
GEN0252,28.6174,77.3256,24.0,15.0,New Delhi,Battery Smart,,12,12
GEN0253,28.6105,77.3156,16.0,15.0,New Delhi,Battery Smart,,8,8
GEN0254,28.5724,77.2877,20.0,15.0,New Delhi,Battery Smart,,10,10
GEN0255,28.6427,77.2316,24.0,15.0,New Delhi,Battery Smart,,12,12
GEN0256,28.6329,77.1133,20.0,15.0,New Delhi,Battery Smart,,10,10
GEN0257,28.6134,77.3171,12.0,15.0,New Delhi,Battery Smart,,6,6
GEN0258,28.584,77.3686,12.0,15.0,Noida,Battery Smart,,6,6
GEN0259,28.6176,77.3329,20.0,15.0,New Delhi,Battery Smart,,10,10
GEN0260,28.5965,77.1221,40.0,15.0,New Delhi,Battery Smart,,20,20
GEN0261,28.6521,77.1943,12.0,15.0,New Delhi,Battery Smart,,6,6
GEN0262,28.4509,77.3192,20.0,15.0,Faridabad,Battery Smart,,10,10
GEN0263,28.7599,77.1569,16.0,15.0,New Delhi,Battery Smart,,8,8
GEN0264,28.619,77.3295,36.0,15.0,New Delhi,Battery Smart,,18,18
GEN0265,28.5777,77.0777,24.0,15.0,New Delhi,Battery Smart,,12,12
GEN0266,29.3866,76.9764,40.0,15.0,Panipat,Battery Smart,,20,20
GEN0267,29.6856,76.9952,40.0,15.0,Karnal,Battery Smart,,20,20
GEN0268,28.6325,77.3195,24.0,15.0,New Delhi,Battery Smart,,12,12
GEN0269,28.6174,77.0146,20.0,15.0,New Delhi,Battery Smart,,10,10
GEN0270,28.6796,77.206,16.0,15.0,New Delhi,Battery Smart,,8,8
GEN0271,28.6959,77.3287,20.0,15.0,Ghaziabad,Battery Smart,,10,10
GEN0272,28.4755,77.0604,40.0,15.0,Gurgaon,Battery Smart,,20,20
GEN0273,28.7632,77.2951,20.0,15.0,New Delhi,Battery Smart,,10,10
GEN0274,28.6754,77.2012,12.0,15.0,New Delhi,Battery Smart,,6,6
GEN0275,28.6324,77.0192,20.0,15.0,New Delhi,Battery Smart,,10,10
GEN0276,28.55,77.3534,12.0,15.0,Noida,Battery Smart,,6,6
GEN0277,28.6646,77.173,40.0,15.0,New Delhi,Battery Smart,,20,20
GEN0278,28.6646,77.173,20.0,15.0,New Delhi,Battery Smart,,10,10
GEN0279,28.6754,77.2012,20.0,15.0,New Delhi,Battery Smart,,10,10
GEN0280,29.6761,77.0155,40.0,15.0,Karnal,Battery Smart,,20,20
GEN0281,28.4822,77.0987,100.0,15.0,Gurgaon,Battery Smart,,50,50
GEN0282,28.6654,77.1942,12.0,15.0,New Delhi,Battery Smart,,6,6
GEN0283,28.6796,77.206,12.0,15.0,Ghaziabad,Battery Smart,,6,6
GEN0284,28.6394,77.4249,20.0,15.0,Noida,Battery Smart,,10,10
GEN0285,28.5549,77.3414,20.0,15.0,Noida,Battery Smart,,10,10
GEN0286,28.6795,77.3651,20.0,15.0,Ghaziabad,Battery Smart,,10,10
GEN0287,28.6724,77.2731,20.0,15.0,New Delhi,Battery Smart,,10,10
GEN0288,28.6822,77.3382,20.0,15.0,Ghaziabad,Battery Smart,,10,10
GEN0289,28.6491,77.4117,20.0,15.0,Ghaziabad,Battery Smart,,10,10
GEN0290,28.459,77.054,20.0,15.0,New Delhi,Battery Smart,,10,10
GEN0291,28.6535,77.0703,20.0,15.0,New Delhi,Battery Smart,,10,10
GEN0292,28.4421,77.0652,40.0,15.0,New Delhi,Battery Smart,,20,20
GEN0293,28.4555,77.0219,20.0,15.0,New Delhi,Battery Smart,,10,10
GEN0294,28.6796,77.206,20.0,15.0,New Delhi,Battery Smart,,10,10
GEN0295,29.2829,77.0071,40.0,15.0,New Delhi,Battery Smart,,20,20
GEN0296,28.7129,77.1813,12.0,15.0,New Delhi,Battery Smart,,6,6
GEN0297,28.708,77.1361,100.0,15.0,New Delhi,Battery Smart,,50,50
GEN0298,28.7471,77.1629,20.0,15.0,New Delhi,Battery Smart,,10,10
GEN0299,28.6469,77.0529,12.0,15.0,New Delhi,Battery Smart,,6,6
